P,urn:nasa:pds:mess_xrs_calibrated:data_cdr:xrscdr2004243_dat::1.0
P,urn:nasa:pds:mess_xrs_calibrated:data_cdr:xrscdr2005038_dat::1.0
P,urn:nasa:pds:mess_xrs_calibrated:data_cdr:xrscdr2005039_dat::1.0
P,urn:nasa:pds:mess_xrs_calibrated:data_cdr:xrscdr2005040_dat::1.0
P,urn:nasa:pds:mess_xrs_calibrated:data_cdr:xrscdr2005041_dat::1.0
P,urn:nasa:pds:mess_xrs_calibrated:data_cdr:xrscdr2005042_dat::1.0
P,urn:nasa:pds:mess_xrs_calibrated:data_cdr:xrscdr2005104_dat::1.0
P,urn:nasa:pds:mess_xrs_calibrated:data_cdr:xrscdr2005190_dat::1.0
P,urn:nasa:pds:mess_xrs_calibrated:data_cdr:xrscdr2005191_dat::1.0
P,urn:nasa:pds:mess_xrs_calibrated:data_cdr:xrscdr2005192_dat::1.0
P,urn:nasa:pds:mess_xrs_calibrated:data_cdr:xrscdr2005193_dat::1.0
P,urn:nasa:pds:mess_xrs_calibrated:data_cdr:xrscdr2005194_dat::1.0
P,urn:nasa:pds:mess_xrs_calibrated:data_cdr:xrscdr2006016_dat::1.0
P,urn:nasa:pds:mess_xrs_calibrated:data_cdr:xrscdr2006017_dat::1.0
P,urn:nasa:pds:mess_xrs_calibrated:data_cdr:xrscdr2006018_dat::1.0
P,urn:nasa:pds:mess_xrs_calibrated:data_cdr:xrscdr2006019_dat::1.0
P,urn:nasa:pds:mess_xrs_calibrated:data_cdr:xrscdr2006020_dat::1.0
P,urn:nasa:pds:mess_xrs_calibrated:data_cdr:xrscdr2006021_dat::1.0
P,urn:nasa:pds:mess_xrs_calibrated:data_cdr:xrscdr2006022_dat::1.0
P,urn:nasa:pds:mess_xrs_calibrated:data_cdr:xrscdr2006023_dat::1.0
P,urn:nasa:pds:mess_xrs_calibrated:data_cdr:xrscdr2006024_dat::1.0
P,urn:nasa:pds:mess_xrs_calibrated:data_cdr:xrscdr2006025_dat::1.0
P,urn:nasa:pds:mess_xrs_calibrated:data_cdr:xrscdr2006026_dat::1.0
P,urn:nasa:pds:mess_xrs_calibrated:data_cdr:xrscdr2006027_dat::1.0
P,urn:nasa:pds:mess_xrs_calibrated:data_cdr:xrscdr2006028_dat::1.0
P,urn:nasa:pds:mess_xrs_calibrated:data_cdr:xrscdr2006029_dat::1.0
P,urn:nasa:pds:mess_xrs_calibrated:data_cdr:xrscdr2006030_dat::1.0
P,urn:nasa:pds:mess_xrs_calibrated:data_cdr:xrscdr2006031_dat::1.0
P,urn:nasa:pds:mess_xrs_calibrated:data_cdr:xrscdr2006032_dat::1.0
P,urn:nasa:pds:mess_xrs_calibrated:data_cdr:xrscdr2006033_dat::1.0
P,urn:nasa:pds:mess_xrs_calibrated:data_cdr:xrscdr2006034_dat::1.0
P,urn:nasa:pds:mess_xrs_calibrated:data_cdr:xrscdr2006035_dat::1.0
P,urn:nasa:pds:mess_xrs_calibrated:data_cdr:xrscdr2006036_dat::1.0
P,urn:nasa:pds:mess_xrs_calibrated:data_cdr:xrscdr2006037_dat::1.0
P,urn:nasa:pds:mess_xrs_calibrated:data_cdr:xrscdr2006038_dat::1.0
P,urn:nasa:pds:mess_xrs_calibrated:data_cdr:xrscdr2006039_dat::1.0
P,urn:nasa:pds:mess_xrs_calibrated:data_cdr:xrscdr2006040_dat::1.0
P,urn:nasa:pds:mess_xrs_calibrated:data_cdr:xrscdr2006041_dat::1.0
P,urn:nasa:pds:mess_xrs_calibrated:data_cdr:xrscdr2006042_dat::1.0
P,urn:nasa:pds:mess_xrs_calibrated:data_cdr:xrscdr2006043_dat::1.0
P,urn:nasa:pds:mess_xrs_calibrated:data_cdr:xrscdr2006044_dat::1.0
P,urn:nasa:pds:mess_xrs_calibrated:data_cdr:xrscdr2006249_dat::1.0
P,urn:nasa:pds:mess_xrs_calibrated:data_cdr:xrscdr2006250_dat::1.0
P,urn:nasa:pds:mess_xrs_calibrated:data_cdr:xrscdr2006251_dat::1.0
P,urn:nasa:pds:mess_xrs_calibrated:data_cdr:xrscdr2006252_dat::1.0
P,urn:nasa:pds:mess_xrs_calibrated:data_cdr:xrscdr2006253_dat::1.0
P,urn:nasa:pds:mess_xrs_calibrated:data_cdr:xrscdr2007027_dat::1.0
P,urn:nasa:pds:mess_xrs_calibrated:data_cdr:xrscdr2007028_dat::1.0
P,urn:nasa:pds:mess_xrs_calibrated:data_cdr:xrscdr2007029_dat::1.0
P,urn:nasa:pds:mess_xrs_calibrated:data_cdr:xrscdr2007030_dat::1.0
P,urn:nasa:pds:mess_xrs_calibrated:data_cdr:xrscdr2007031_dat::1.0
P,urn:nasa:pds:mess_xrs_calibrated:data_cdr:xrscdr2007146_dat::1.0
P,urn:nasa:pds:mess_xrs_calibrated:data_cdr:xrscdr2007147_dat::1.0
P,urn:nasa:pds:mess_xrs_calibrated:data_cdr:xrscdr2007148_dat::1.0
P,urn:nasa:pds:mess_xrs_calibrated:data_cdr:xrscdr2007149_dat::1.0
P,urn:nasa:pds:mess_xrs_calibrated:data_cdr:xrscdr2007150_dat::1.0
P,urn:nasa:pds:mess_xrs_calibrated:data_cdr:xrscdr2007151_dat::1.0
P,urn:nasa:pds:mess_xrs_calibrated:data_cdr:xrscdr2007152_dat::1.0
P,urn:nasa:pds:mess_xrs_calibrated:data_cdr:xrscdr2007153_dat::1.0
P,urn:nasa:pds:mess_xrs_calibrated:data_cdr:xrscdr2007154_dat::1.0
P,urn:nasa:pds:mess_xrs_calibrated:data_cdr:xrscdr2007155_dat::1.0
P,urn:nasa:pds:mess_xrs_calibrated:data_cdr:xrscdr2007156_dat::1.0
P,urn:nasa:pds:mess_xrs_calibrated:data_cdr:xrscdr2007157_dat::1.0
P,urn:nasa:pds:mess_xrs_calibrated:data_cdr:xrscdr2007158_dat::1.0
P,urn:nasa:pds:mess_xrs_calibrated:data_cdr:xrscdr2007159_dat::1.0
P,urn:nasa:pds:mess_xrs_calibrated:data_cdr:xrscdr2007160_dat::1.0
P,urn:nasa:pds:mess_xrs_calibrated:data_cdr:xrscdr2007161_dat::1.0
P,urn:nasa:pds:mess_xrs_calibrated:data_cdr:xrscdr2007162_dat::1.0
P,urn:nasa:pds:mess_xrs_calibrated:data_cdr:xrscdr2007163_dat::1.0
P,urn:nasa:pds:mess_xrs_calibrated:data_cdr:xrscdr2007164_dat::1.0
P,urn:nasa:pds:mess_xrs_calibrated:data_cdr:xrscdr2007165_dat::1.0
P,urn:nasa:pds:mess_xrs_calibrated:data_cdr:xrscdr2007166_dat::1.0
P,urn:nasa:pds:mess_xrs_calibrated:data_cdr:xrscdr2007167_dat::1.0
P,urn:nasa:pds:mess_xrs_calibrated:data_cdr:xrscdr2007168_dat::1.0
P,urn:nasa:pds:mess_xrs_calibrated:data_cdr:xrscdr2007169_dat::1.0
P,urn:nasa:pds:mess_xrs_calibrated:data_cdr:xrscdr2007170_dat::1.0
P,urn:nasa:pds:mess_xrs_calibrated:data_cdr:xrscdr2007171_dat::1.0
P,urn:nasa:pds:mess_xrs_calibrated:data_cdr:xrscdr2007172_dat::1.0
P,urn:nasa:pds:mess_xrs_calibrated:data_cdr:xrscdr2007173_dat::1.0
P,urn:nasa:pds:mess_xrs_calibrated:data_cdr:xrscdr2007174_dat::1.0
P,urn:nasa:pds:mess_xrs_calibrated:data_cdr:xrscdr2007175_dat::1.0
P,urn:nasa:pds:mess_xrs_calibrated:data_cdr:xrscdr2007176_dat::1.0
P,urn:nasa:pds:mess_xrs_calibrated:data_cdr:xrscdr2007177_dat::1.0
P,urn:nasa:pds:mess_xrs_calibrated:data_cdr:xrscdr2007178_dat::1.0
P,urn:nasa:pds:mess_xrs_calibrated:data_cdr:xrscdr2007179_dat::1.0
P,urn:nasa:pds:mess_xrs_calibrated:data_cdr:xrscdr2007180_dat::1.0
P,urn:nasa:pds:mess_xrs_calibrated:data_cdr:xrscdr2007181_dat::1.0
P,urn:nasa:pds:mess_xrs_calibrated:data_cdr:xrscdr2007182_dat::1.0
P,urn:nasa:pds:mess_xrs_calibrated:data_cdr:xrscdr2007183_dat::1.0
P,urn:nasa:pds:mess_xrs_calibrated:data_cdr:xrscdr2007184_dat::1.0
P,urn:nasa:pds:mess_xrs_calibrated:data_cdr:xrscdr2007185_dat::1.0
P,urn:nasa:pds:mess_xrs_calibrated:data_cdr:xrscdr2007186_dat::1.0
P,urn:nasa:pds:mess_xrs_calibrated:data_cdr:xrscdr2007187_dat::1.0
P,urn:nasa:pds:mess_xrs_calibrated:data_cdr:xrscdr2007188_dat::1.0
P,urn:nasa:pds:mess_xrs_calibrated:data_cdr:xrscdr2007189_dat::1.0
P,urn:nasa:pds:mess_xrs_calibrated:data_cdr:xrscdr2007190_dat::1.0
P,urn:nasa:pds:mess_xrs_calibrated:data_cdr:xrscdr2007191_dat::1.0
P,urn:nasa:pds:mess_xrs_calibrated:data_cdr:xrscdr2007192_dat::1.0
P,urn:nasa:pds:mess_xrs_calibrated:data_cdr:xrscdr2007193_dat::1.0
P,urn:nasa:pds:mess_xrs_calibrated:data_cdr:xrscdr2007194_dat::1.0
P,urn:nasa:pds:mess_xrs_calibrated:data_cdr:xrscdr2007195_dat::1.0
P,urn:nasa:pds:mess_xrs_calibrated:data_cdr:xrscdr2007196_dat::1.0
P,urn:nasa:pds:mess_xrs_calibrated:data_cdr:xrscdr2007197_dat::1.0
P,urn:nasa:pds:mess_xrs_calibrated:data_cdr:xrscdr2007198_dat::1.0
P,urn:nasa:pds:mess_xrs_calibrated:data_cdr:xrscdr2007199_dat::1.0
P,urn:nasa:pds:mess_xrs_calibrated:data_cdr:xrscdr2007200_dat::1.0
P,urn:nasa:pds:mess_xrs_calibrated:data_cdr:xrscdr2007201_dat::1.0
P,urn:nasa:pds:mess_xrs_calibrated:data_cdr:xrscdr2007202_dat::1.0
P,urn:nasa:pds:mess_xrs_calibrated:data_cdr:xrscdr2007203_dat::1.0
P,urn:nasa:pds:mess_xrs_calibrated:data_cdr:xrscdr2007204_dat::1.0
P,urn:nasa:pds:mess_xrs_calibrated:data_cdr:xrscdr2007205_dat::1.0
P,urn:nasa:pds:mess_xrs_calibrated:data_cdr:xrscdr2007206_dat::1.0
P,urn:nasa:pds:mess_xrs_calibrated:data_cdr:xrscdr2007207_dat::1.0
P,urn:nasa:pds:mess_xrs_calibrated:data_cdr:xrscdr2007208_dat::1.0
P,urn:nasa:pds:mess_xrs_calibrated:data_cdr:xrscdr2007209_dat::1.0
P,urn:nasa:pds:mess_xrs_calibrated:data_cdr:xrscdr2007210_dat::1.0
P,urn:nasa:pds:mess_xrs_calibrated:data_cdr:xrscdr2007211_dat::1.0
P,urn:nasa:pds:mess_xrs_calibrated:data_cdr:xrscdr2007212_dat::1.0
P,urn:nasa:pds:mess_xrs_calibrated:data_cdr:xrscdr2007213_dat::1.0
P,urn:nasa:pds:mess_xrs_calibrated:data_cdr:xrscdr2007214_dat::1.0
P,urn:nasa:pds:mess_xrs_calibrated:data_cdr:xrscdr2007215_dat::1.0
P,urn:nasa:pds:mess_xrs_calibrated:data_cdr:xrscdr2007216_dat::1.0
P,urn:nasa:pds:mess_xrs_calibrated:data_cdr:xrscdr2007217_dat::1.0
P,urn:nasa:pds:mess_xrs_calibrated:data_cdr:xrscdr2007218_dat::1.0
P,urn:nasa:pds:mess_xrs_calibrated:data_cdr:xrscdr2007219_dat::1.0
P,urn:nasa:pds:mess_xrs_calibrated:data_cdr:xrscdr2007220_dat::1.0
P,urn:nasa:pds:mess_xrs_calibrated:data_cdr:xrscdr2007229_dat::1.0
P,urn:nasa:pds:mess_xrs_calibrated:data_cdr:xrscdr2007230_dat::1.0
P,urn:nasa:pds:mess_xrs_calibrated:data_cdr:xrscdr2007231_dat::1.0
P,urn:nasa:pds:mess_xrs_calibrated:data_cdr:xrscdr2007232_dat::1.0
P,urn:nasa:pds:mess_xrs_calibrated:data_cdr:xrscdr2007233_dat::1.0
P,urn:nasa:pds:mess_xrs_calibrated:data_cdr:xrscdr2007234_dat::1.0
P,urn:nasa:pds:mess_xrs_calibrated:data_cdr:xrscdr2007235_dat::1.0
P,urn:nasa:pds:mess_xrs_calibrated:data_cdr:xrscdr2007236_dat::1.0
P,urn:nasa:pds:mess_xrs_calibrated:data_cdr:xrscdr2007237_dat::1.0
P,urn:nasa:pds:mess_xrs_calibrated:data_cdr:xrscdr2007355_dat::1.0
P,urn:nasa:pds:mess_xrs_calibrated:data_cdr:xrscdr2007356_dat::1.0
P,urn:nasa:pds:mess_xrs_calibrated:data_cdr:xrscdr2007357_dat::1.0
P,urn:nasa:pds:mess_xrs_calibrated:data_cdr:xrscdr2007358_dat::1.0
P,urn:nasa:pds:mess_xrs_calibrated:data_cdr:xrscdr2007359_dat::1.0
P,urn:nasa:pds:mess_xrs_calibrated:data_cdr:xrscdr2007360_dat::1.0
P,urn:nasa:pds:mess_xrs_calibrated:data_cdr:xrscdr2007361_dat::1.0
P,urn:nasa:pds:mess_xrs_calibrated:data_cdr:xrscdr2007362_dat::1.0
P,urn:nasa:pds:mess_xrs_calibrated:data_cdr:xrscdr2007363_dat::1.0
P,urn:nasa:pds:mess_xrs_calibrated:data_cdr:xrscdr2007364_dat::1.0
P,urn:nasa:pds:mess_xrs_calibrated:data_cdr:xrscdr2007365_dat::1.0
P,urn:nasa:pds:mess_xrs_calibrated:data_cdr:xrscdr2008001_dat::1.0
P,urn:nasa:pds:mess_xrs_calibrated:data_cdr:xrscdr2008002_dat::1.0
P,urn:nasa:pds:mess_xrs_calibrated:data_cdr:xrscdr2008003_dat::1.0
P,urn:nasa:pds:mess_xrs_calibrated:data_cdr:xrscdr2008004_dat::1.0
P,urn:nasa:pds:mess_xrs_calibrated:data_cdr:xrscdr2008005_dat::1.0
P,urn:nasa:pds:mess_xrs_calibrated:data_cdr:xrscdr2008006_dat::1.0
P,urn:nasa:pds:mess_xrs_calibrated:data_cdr:xrscdr2008007_dat::1.0
P,urn:nasa:pds:mess_xrs_calibrated:data_cdr:xrscdr2008008_dat::1.0
P,urn:nasa:pds:mess_xrs_calibrated:data_cdr:xrscdr2008009_dat::1.0
P,urn:nasa:pds:mess_xrs_calibrated:data_cdr:xrscdr2008010_dat::1.0
P,urn:nasa:pds:mess_xrs_calibrated:data_cdr:xrscdr2008011_dat::1.0
P,urn:nasa:pds:mess_xrs_calibrated:data_cdr:xrscdr2008012_dat::1.0
P,urn:nasa:pds:mess_xrs_calibrated:data_cdr:xrscdr2008013_dat::1.0
P,urn:nasa:pds:mess_xrs_calibrated:data_cdr:xrscdr2008014_dat::1.0
P,urn:nasa:pds:mess_xrs_calibrated:data_cdr:xrscdr2008015_dat::1.0
P,urn:nasa:pds:mess_xrs_calibrated:data_cdr:xrscdr2008016_dat::1.0
P,urn:nasa:pds:mess_xrs_calibrated:data_cdr:xrscdr2008017_dat::1.0
P,urn:nasa:pds:mess_xrs_calibrated:data_cdr:xrscdr2008018_dat::1.0
P,urn:nasa:pds:mess_xrs_calibrated:data_cdr:xrscdr2008019_dat::1.0
P,urn:nasa:pds:mess_xrs_calibrated:data_cdr:xrscdr2008020_dat::1.0
P,urn:nasa:pds:mess_xrs_calibrated:data_cdr:xrscdr2008021_dat::1.0
P,urn:nasa:pds:mess_xrs_calibrated:data_cdr:xrscdr2008088_dat::1.0
P,urn:nasa:pds:mess_xrs_calibrated:data_cdr:xrscdr2008089_dat::1.0
P,urn:nasa:pds:mess_xrs_calibrated:data_cdr:xrscdr2008090_dat::1.0
P,urn:nasa:pds:mess_xrs_calibrated:data_cdr:xrscdr2008091_dat::1.0
P,urn:nasa:pds:mess_xrs_calibrated:data_cdr:xrscdr2008092_dat::1.0
P,urn:nasa:pds:mess_xrs_calibrated:data_cdr:xrscdr2008093_dat::1.0
P,urn:nasa:pds:mess_xrs_calibrated:data_cdr:xrscdr2008094_dat::1.0
P,urn:nasa:pds:mess_xrs_calibrated:data_cdr:xrscdr2008095_dat::1.0
P,urn:nasa:pds:mess_xrs_calibrated:data_cdr:xrscdr2008096_dat::1.0
P,urn:nasa:pds:mess_xrs_calibrated:data_cdr:xrscdr2008097_dat::1.0
P,urn:nasa:pds:mess_xrs_calibrated:data_cdr:xrscdr2008098_dat::1.0
P,urn:nasa:pds:mess_xrs_calibrated:data_cdr:xrscdr2008099_dat::1.0
P,urn:nasa:pds:mess_xrs_calibrated:data_cdr:xrscdr2008100_dat::1.0
P,urn:nasa:pds:mess_xrs_calibrated:data_cdr:xrscdr2008101_dat::1.0
P,urn:nasa:pds:mess_xrs_calibrated:data_cdr:xrscdr2008102_dat::1.0
P,urn:nasa:pds:mess_xrs_calibrated:data_cdr:xrscdr2008103_dat::1.0
P,urn:nasa:pds:mess_xrs_calibrated:data_cdr:xrscdr2008104_dat::1.0
P,urn:nasa:pds:mess_xrs_calibrated:data_cdr:xrscdr2008105_dat::1.0
P,urn:nasa:pds:mess_xrs_calibrated:data_cdr:xrscdr2008106_dat::1.0
P,urn:nasa:pds:mess_xrs_calibrated:data_cdr:xrscdr2008107_dat::1.0
P,urn:nasa:pds:mess_xrs_calibrated:data_cdr:xrscdr2008108_dat::1.0
P,urn:nasa:pds:mess_xrs_calibrated:data_cdr:xrscdr2008109_dat::1.0
P,urn:nasa:pds:mess_xrs_calibrated:data_cdr:xrscdr2008110_dat::1.0
P,urn:nasa:pds:mess_xrs_calibrated:data_cdr:xrscdr2008111_dat::1.0
P,urn:nasa:pds:mess_xrs_calibrated:data_cdr:xrscdr2008112_dat::1.0
P,urn:nasa:pds:mess_xrs_calibrated:data_cdr:xrscdr2008113_dat::1.0
P,urn:nasa:pds:mess_xrs_calibrated:data_cdr:xrscdr2008114_dat::1.0
P,urn:nasa:pds:mess_xrs_calibrated:data_cdr:xrscdr2008115_dat::1.0
P,urn:nasa:pds:mess_xrs_calibrated:data_cdr:xrscdr2008116_dat::1.0
P,urn:nasa:pds:mess_xrs_calibrated:data_cdr:xrscdr2008117_dat::1.0
P,urn:nasa:pds:mess_xrs_calibrated:data_cdr:xrscdr2008118_dat::1.0
P,urn:nasa:pds:mess_xrs_calibrated:data_cdr:xrscdr2008119_dat::1.0
P,urn:nasa:pds:mess_xrs_calibrated:data_cdr:xrscdr2008120_dat::1.0
P,urn:nasa:pds:mess_xrs_calibrated:data_cdr:xrscdr2008121_dat::1.0
P,urn:nasa:pds:mess_xrs_calibrated:data_cdr:xrscdr2008122_dat::1.0
P,urn:nasa:pds:mess_xrs_calibrated:data_cdr:xrscdr2008123_dat::1.0
P,urn:nasa:pds:mess_xrs_calibrated:data_cdr:xrscdr2008124_dat::1.0
P,urn:nasa:pds:mess_xrs_calibrated:data_cdr:xrscdr2008125_dat::1.0
P,urn:nasa:pds:mess_xrs_calibrated:data_cdr:xrscdr2008126_dat::1.0
P,urn:nasa:pds:mess_xrs_calibrated:data_cdr:xrscdr2008128_dat::1.0
P,urn:nasa:pds:mess_xrs_calibrated:data_cdr:xrscdr2008129_dat::1.0
P,urn:nasa:pds:mess_xrs_calibrated:data_cdr:xrscdr2008130_dat::1.0
P,urn:nasa:pds:mess_xrs_calibrated:data_cdr:xrscdr2008131_dat::1.0
P,urn:nasa:pds:mess_xrs_calibrated:data_cdr:xrscdr2008132_dat::1.0
P,urn:nasa:pds:mess_xrs_calibrated:data_cdr:xrscdr2008133_dat::1.0
P,urn:nasa:pds:mess_xrs_calibrated:data_cdr:xrscdr2008134_dat::1.0
P,urn:nasa:pds:mess_xrs_calibrated:data_cdr:xrscdr2008135_dat::1.0
P,urn:nasa:pds:mess_xrs_calibrated:data_cdr:xrscdr2008136_dat::1.0
P,urn:nasa:pds:mess_xrs_calibrated:data_cdr:xrscdr2008137_dat::1.0
P,urn:nasa:pds:mess_xrs_calibrated:data_cdr:xrscdr2008138_dat::1.0
P,urn:nasa:pds:mess_xrs_calibrated:data_cdr:xrscdr2008139_dat::1.0
P,urn:nasa:pds:mess_xrs_calibrated:data_cdr:xrscdr2008140_dat::1.0
P,urn:nasa:pds:mess_xrs_calibrated:data_cdr:xrscdr2008141_dat::1.0
P,urn:nasa:pds:mess_xrs_calibrated:data_cdr:xrscdr2008142_dat::1.0
P,urn:nasa:pds:mess_xrs_calibrated:data_cdr:xrscdr2008143_dat::1.0
P,urn:nasa:pds:mess_xrs_calibrated:data_cdr:xrscdr2008144_dat::1.0
P,urn:nasa:pds:mess_xrs_calibrated:data_cdr:xrscdr2008145_dat::1.0
P,urn:nasa:pds:mess_xrs_calibrated:data_cdr:xrscdr2008146_dat::1.0
P,urn:nasa:pds:mess_xrs_calibrated:data_cdr:xrscdr2008147_dat::1.0
P,urn:nasa:pds:mess_xrs_calibrated:data_cdr:xrscdr2008148_dat::1.0
P,urn:nasa:pds:mess_xrs_calibrated:data_cdr:xrscdr2008149_dat::1.0
P,urn:nasa:pds:mess_xrs_calibrated:data_cdr:xrscdr2008150_dat::1.0
P,urn:nasa:pds:mess_xrs_calibrated:data_cdr:xrscdr2008151_dat::1.0
P,urn:nasa:pds:mess_xrs_calibrated:data_cdr:xrscdr2008152_dat::1.0
P,urn:nasa:pds:mess_xrs_calibrated:data_cdr:xrscdr2008153_dat::1.0
P,urn:nasa:pds:mess_xrs_calibrated:data_cdr:xrscdr2008154_dat::1.0
P,urn:nasa:pds:mess_xrs_calibrated:data_cdr:xrscdr2008163_dat::1.0
P,urn:nasa:pds:mess_xrs_calibrated:data_cdr:xrscdr2008164_dat::1.0
P,urn:nasa:pds:mess_xrs_calibrated:data_cdr:xrscdr2008165_dat::1.0
P,urn:nasa:pds:mess_xrs_calibrated:data_cdr:xrscdr2008166_dat::1.0
P,urn:nasa:pds:mess_xrs_calibrated:data_cdr:xrscdr2008167_dat::1.0
P,urn:nasa:pds:mess_xrs_calibrated:data_cdr:xrscdr2008168_dat::1.0
P,urn:nasa:pds:mess_xrs_calibrated:data_cdr:xrscdr2008169_dat::1.0
P,urn:nasa:pds:mess_xrs_calibrated:data_cdr:xrscdr2008170_dat::1.0
P,urn:nasa:pds:mess_xrs_calibrated:data_cdr:xrscdr2008171_dat::1.0
P,urn:nasa:pds:mess_xrs_calibrated:data_cdr:xrscdr2008172_dat::1.0
P,urn:nasa:pds:mess_xrs_calibrated:data_cdr:xrscdr2008173_dat::1.0
P,urn:nasa:pds:mess_xrs_calibrated:data_cdr:xrscdr2008174_dat::1.0
P,urn:nasa:pds:mess_xrs_calibrated:data_cdr:xrscdr2008175_dat::1.0
P,urn:nasa:pds:mess_xrs_calibrated:data_cdr:xrscdr2008176_dat::1.0
P,urn:nasa:pds:mess_xrs_calibrated:data_cdr:xrscdr2008177_dat::1.0
P,urn:nasa:pds:mess_xrs_calibrated:data_cdr:xrscdr2008178_dat::1.0
P,urn:nasa:pds:mess_xrs_calibrated:data_cdr:xrscdr2008179_dat::1.0
P,urn:nasa:pds:mess_xrs_calibrated:data_cdr:xrscdr2008180_dat::1.0
P,urn:nasa:pds:mess_xrs_calibrated:data_cdr:xrscdr2008181_dat::1.0
P,urn:nasa:pds:mess_xrs_calibrated:data_cdr:xrscdr2008182_dat::1.0
P,urn:nasa:pds:mess_xrs_calibrated:data_cdr:xrscdr2008183_dat::1.0
P,urn:nasa:pds:mess_xrs_calibrated:data_cdr:xrscdr2008184_dat::1.0
P,urn:nasa:pds:mess_xrs_calibrated:data_cdr:xrscdr2008185_dat::1.0
P,urn:nasa:pds:mess_xrs_calibrated:data_cdr:xrscdr2008186_dat::1.0
P,urn:nasa:pds:mess_xrs_calibrated:data_cdr:xrscdr2008187_dat::1.0
P,urn:nasa:pds:mess_xrs_calibrated:data_cdr:xrscdr2008188_dat::1.0
P,urn:nasa:pds:mess_xrs_calibrated:data_cdr:xrscdr2008189_dat::1.0
P,urn:nasa:pds:mess_xrs_calibrated:data_cdr:xrscdr2008190_dat::1.0
P,urn:nasa:pds:mess_xrs_calibrated:data_cdr:xrscdr2008191_dat::1.0
P,urn:nasa:pds:mess_xrs_calibrated:data_cdr:xrscdr2008192_dat::1.0
P,urn:nasa:pds:mess_xrs_calibrated:data_cdr:xrscdr2008193_dat::1.0
P,urn:nasa:pds:mess_xrs_calibrated:data_cdr:xrscdr2008194_dat::1.0
P,urn:nasa:pds:mess_xrs_calibrated:data_cdr:xrscdr2008195_dat::1.0
P,urn:nasa:pds:mess_xrs_calibrated:data_cdr:xrscdr2008196_dat::1.0
P,urn:nasa:pds:mess_xrs_calibrated:data_cdr:xrscdr2008197_dat::1.0
P,urn:nasa:pds:mess_xrs_calibrated:data_cdr:xrscdr2008198_dat::1.0
P,urn:nasa:pds:mess_xrs_calibrated:data_cdr:xrscdr2008199_dat::1.0
P,urn:nasa:pds:mess_xrs_calibrated:data_cdr:xrscdr2008200_dat::1.0
P,urn:nasa:pds:mess_xrs_calibrated:data_cdr:xrscdr2008201_dat::1.0
P,urn:nasa:pds:mess_xrs_calibrated:data_cdr:xrscdr2008202_dat::1.0
P,urn:nasa:pds:mess_xrs_calibrated:data_cdr:xrscdr2008203_dat::1.0
P,urn:nasa:pds:mess_xrs_calibrated:data_cdr:xrscdr2008204_dat::1.0
P,urn:nasa:pds:mess_xrs_calibrated:data_cdr:xrscdr2008205_dat::1.0
P,urn:nasa:pds:mess_xrs_calibrated:data_cdr:xrscdr2008206_dat::1.0
P,urn:nasa:pds:mess_xrs_calibrated:data_cdr:xrscdr2008207_dat::1.0
P,urn:nasa:pds:mess_xrs_calibrated:data_cdr:xrscdr2008208_dat::1.0
P,urn:nasa:pds:mess_xrs_calibrated:data_cdr:xrscdr2008209_dat::1.0
P,urn:nasa:pds:mess_xrs_calibrated:data_cdr:xrscdr2008210_dat::1.0
P,urn:nasa:pds:mess_xrs_calibrated:data_cdr:xrscdr2008211_dat::1.0
P,urn:nasa:pds:mess_xrs_calibrated:data_cdr:xrscdr2008212_dat::1.0
P,urn:nasa:pds:mess_xrs_calibrated:data_cdr:xrscdr2008213_dat::1.0
P,urn:nasa:pds:mess_xrs_calibrated:data_cdr:xrscdr2008214_dat::1.0
P,urn:nasa:pds:mess_xrs_calibrated:data_cdr:xrscdr2008215_dat::1.0
P,urn:nasa:pds:mess_xrs_calibrated:data_cdr:xrscdr2008216_dat::1.0
P,urn:nasa:pds:mess_xrs_calibrated:data_cdr:xrscdr2008217_dat::1.0
P,urn:nasa:pds:mess_xrs_calibrated:data_cdr:xrscdr2008218_dat::1.0
P,urn:nasa:pds:mess_xrs_calibrated:data_cdr:xrscdr2008219_dat::1.0
P,urn:nasa:pds:mess_xrs_calibrated:data_cdr:xrscdr2008220_dat::1.0
P,urn:nasa:pds:mess_xrs_calibrated:data_cdr:xrscdr2008221_dat::1.0
P,urn:nasa:pds:mess_xrs_calibrated:data_cdr:xrscdr2008222_dat::1.0
P,urn:nasa:pds:mess_xrs_calibrated:data_cdr:xrscdr2008223_dat::1.0
P,urn:nasa:pds:mess_xrs_calibrated:data_cdr:xrscdr2008224_dat::1.0
P,urn:nasa:pds:mess_xrs_calibrated:data_cdr:xrscdr2008225_dat::1.0
P,urn:nasa:pds:mess_xrs_calibrated:data_cdr:xrscdr2008226_dat::1.0
P,urn:nasa:pds:mess_xrs_calibrated:data_cdr:xrscdr2008227_dat::1.0
P,urn:nasa:pds:mess_xrs_calibrated:data_cdr:xrscdr2008228_dat::1.0
P,urn:nasa:pds:mess_xrs_calibrated:data_cdr:xrscdr2008229_dat::1.0
P,urn:nasa:pds:mess_xrs_calibrated:data_cdr:xrscdr2008230_dat::1.0
P,urn:nasa:pds:mess_xrs_calibrated:data_cdr:xrscdr2008231_dat::1.0
P,urn:nasa:pds:mess_xrs_calibrated:data_cdr:xrscdr2008232_dat::1.0
P,urn:nasa:pds:mess_xrs_calibrated:data_cdr:xrscdr2008233_dat::1.0
P,urn:nasa:pds:mess_xrs_calibrated:data_cdr:xrscdr2008234_dat::1.0
P,urn:nasa:pds:mess_xrs_calibrated:data_cdr:xrscdr2008235_dat::1.0
P,urn:nasa:pds:mess_xrs_calibrated:data_cdr:xrscdr2008236_dat::1.0
P,urn:nasa:pds:mess_xrs_calibrated:data_cdr:xrscdr2008237_dat::1.0
P,urn:nasa:pds:mess_xrs_calibrated:data_cdr:xrscdr2008238_dat::1.0
P,urn:nasa:pds:mess_xrs_calibrated:data_cdr:xrscdr2008239_dat::1.0
P,urn:nasa:pds:mess_xrs_calibrated:data_cdr:xrscdr2008240_dat::1.0
P,urn:nasa:pds:mess_xrs_calibrated:data_cdr:xrscdr2008241_dat::1.0
P,urn:nasa:pds:mess_xrs_calibrated:data_cdr:xrscdr2008242_dat::1.0
P,urn:nasa:pds:mess_xrs_calibrated:data_cdr:xrscdr2008243_dat::1.0
P,urn:nasa:pds:mess_xrs_calibrated:data_cdr:xrscdr2008244_dat::1.0
P,urn:nasa:pds:mess_xrs_calibrated:data_cdr:xrscdr2008245_dat::1.0
P,urn:nasa:pds:mess_xrs_calibrated:data_cdr:xrscdr2008246_dat::1.0
P,urn:nasa:pds:mess_xrs_calibrated:data_cdr:xrscdr2008247_dat::1.0
P,urn:nasa:pds:mess_xrs_calibrated:data_cdr:xrscdr2008248_dat::1.0
P,urn:nasa:pds:mess_xrs_calibrated:data_cdr:xrscdr2008249_dat::1.0
P,urn:nasa:pds:mess_xrs_calibrated:data_cdr:xrscdr2008250_dat::1.0
P,urn:nasa:pds:mess_xrs_calibrated:data_cdr:xrscdr2008251_dat::1.0
P,urn:nasa:pds:mess_xrs_calibrated:data_cdr:xrscdr2008252_dat::1.0
P,urn:nasa:pds:mess_xrs_calibrated:data_cdr:xrscdr2008253_dat::1.0
P,urn:nasa:pds:mess_xrs_calibrated:data_cdr:xrscdr2008254_dat::1.0
P,urn:nasa:pds:mess_xrs_calibrated:data_cdr:xrscdr2008255_dat::1.0
P,urn:nasa:pds:mess_xrs_calibrated:data_cdr:xrscdr2008256_dat::1.0
P,urn:nasa:pds:mess_xrs_calibrated:data_cdr:xrscdr2008257_dat::1.0
P,urn:nasa:pds:mess_xrs_calibrated:data_cdr:xrscdr2008258_dat::1.0
P,urn:nasa:pds:mess_xrs_calibrated:data_cdr:xrscdr2008259_dat::1.0
P,urn:nasa:pds:mess_xrs_calibrated:data_cdr:xrscdr2008260_dat::1.0
P,urn:nasa:pds:mess_xrs_calibrated:data_cdr:xrscdr2008261_dat::1.0
P,urn:nasa:pds:mess_xrs_calibrated:data_cdr:xrscdr2008262_dat::1.0
P,urn:nasa:pds:mess_xrs_calibrated:data_cdr:xrscdr2008263_dat::1.0
P,urn:nasa:pds:mess_xrs_calibrated:data_cdr:xrscdr2008264_dat::1.0
P,urn:nasa:pds:mess_xrs_calibrated:data_cdr:xrscdr2008265_dat::1.0
P,urn:nasa:pds:mess_xrs_calibrated:data_cdr:xrscdr2008266_dat::1.0
P,urn:nasa:pds:mess_xrs_calibrated:data_cdr:xrscdr2008267_dat::1.0
P,urn:nasa:pds:mess_xrs_calibrated:data_cdr:xrscdr2008268_dat::1.0
P,urn:nasa:pds:mess_xrs_calibrated:data_cdr:xrscdr2008269_dat::1.0
P,urn:nasa:pds:mess_xrs_calibrated:data_cdr:xrscdr2008270_dat::1.0
P,urn:nasa:pds:mess_xrs_calibrated:data_cdr:xrscdr2008271_dat::1.0
P,urn:nasa:pds:mess_xrs_calibrated:data_cdr:xrscdr2008272_dat::1.0
P,urn:nasa:pds:mess_xrs_calibrated:data_cdr:xrscdr2008273_dat::1.0
P,urn:nasa:pds:mess_xrs_calibrated:data_cdr:xrscdr2008274_dat::1.0
P,urn:nasa:pds:mess_xrs_calibrated:data_cdr:xrscdr2008275_dat::1.0
P,urn:nasa:pds:mess_xrs_calibrated:data_cdr:xrscdr2008276_dat::1.0
P,urn:nasa:pds:mess_xrs_calibrated:data_cdr:xrscdr2008277_dat::1.0
P,urn:nasa:pds:mess_xrs_calibrated:data_cdr:xrscdr2008278_dat::1.0
P,urn:nasa:pds:mess_xrs_calibrated:data_cdr:xrscdr2008279_dat::1.0
P,urn:nasa:pds:mess_xrs_calibrated:data_cdr:xrscdr2008280_dat::1.0
P,urn:nasa:pds:mess_xrs_calibrated:data_cdr:xrscdr2008281_dat::1.0
P,urn:nasa:pds:mess_xrs_calibrated:data_cdr:xrscdr2008282_dat::1.0
P,urn:nasa:pds:mess_xrs_calibrated:data_cdr:xrscdr2008283_dat::1.0
P,urn:nasa:pds:mess_xrs_calibrated:data_cdr:xrscdr2008284_dat::1.0
P,urn:nasa:pds:mess_xrs_calibrated:data_cdr:xrscdr2008285_dat::1.0
P,urn:nasa:pds:mess_xrs_calibrated:data_cdr:xrscdr2008286_dat::1.0
P,urn:nasa:pds:mess_xrs_calibrated:data_cdr:xrscdr2008287_dat::1.0
P,urn:nasa:pds:mess_xrs_calibrated:data_cdr:xrscdr2008288_dat::1.0
P,urn:nasa:pds:mess_xrs_calibrated:data_cdr:xrscdr2008289_dat::1.0
P,urn:nasa:pds:mess_xrs_calibrated:data_cdr:xrscdr2008290_dat::1.0
P,urn:nasa:pds:mess_xrs_calibrated:data_cdr:xrscdr2008291_dat::1.0
P,urn:nasa:pds:mess_xrs_calibrated:data_cdr:xrscdr2008292_dat::1.0
P,urn:nasa:pds:mess_xrs_calibrated:data_cdr:xrscdr2008293_dat::1.0
P,urn:nasa:pds:mess_xrs_calibrated:data_cdr:xrscdr2008294_dat::1.0
P,urn:nasa:pds:mess_xrs_calibrated:data_cdr:xrscdr2008295_dat::1.0
P,urn:nasa:pds:mess_xrs_calibrated:data_cdr:xrscdr2008296_dat::1.0
P,urn:nasa:pds:mess_xrs_calibrated:data_cdr:xrscdr2008297_dat::1.0
P,urn:nasa:pds:mess_xrs_calibrated:data_cdr:xrscdr2008298_dat::1.0
P,urn:nasa:pds:mess_xrs_calibrated:data_cdr:xrscdr2008299_dat::1.0
P,urn:nasa:pds:mess_xrs_calibrated:data_cdr:xrscdr2008300_dat::1.0
P,urn:nasa:pds:mess_xrs_calibrated:data_cdr:xrscdr2008301_dat::1.0
P,urn:nasa:pds:mess_xrs_calibrated:data_cdr:xrscdr2008302_dat::1.0
P,urn:nasa:pds:mess_xrs_calibrated:data_cdr:xrscdr2008303_dat::1.0
P,urn:nasa:pds:mess_xrs_calibrated:data_cdr:xrscdr2008304_dat::1.0
P,urn:nasa:pds:mess_xrs_calibrated:data_cdr:xrscdr2008305_dat::1.0
P,urn:nasa:pds:mess_xrs_calibrated:data_cdr:xrscdr2008306_dat::1.0
P,urn:nasa:pds:mess_xrs_calibrated:data_cdr:xrscdr2008307_dat::1.0
P,urn:nasa:pds:mess_xrs_calibrated:data_cdr:xrscdr2008308_dat::1.0
P,urn:nasa:pds:mess_xrs_calibrated:data_cdr:xrscdr2008309_dat::1.0
P,urn:nasa:pds:mess_xrs_calibrated:data_cdr:xrscdr2008310_dat::1.0
P,urn:nasa:pds:mess_xrs_calibrated:data_cdr:xrscdr2008311_dat::1.0
P,urn:nasa:pds:mess_xrs_calibrated:data_cdr:xrscdr2008312_dat::1.0
P,urn:nasa:pds:mess_xrs_calibrated:data_cdr:xrscdr2008313_dat::1.0
P,urn:nasa:pds:mess_xrs_calibrated:data_cdr:xrscdr2008314_dat::1.0
P,urn:nasa:pds:mess_xrs_calibrated:data_cdr:xrscdr2008315_dat::1.0
P,urn:nasa:pds:mess_xrs_calibrated:data_cdr:xrscdr2008316_dat::1.0
P,urn:nasa:pds:mess_xrs_calibrated:data_cdr:xrscdr2008317_dat::1.0
P,urn:nasa:pds:mess_xrs_calibrated:data_cdr:xrscdr2008318_dat::1.0
P,urn:nasa:pds:mess_xrs_calibrated:data_cdr:xrscdr2008319_dat::1.0
P,urn:nasa:pds:mess_xrs_calibrated:data_cdr:xrscdr2008320_dat::1.0
P,urn:nasa:pds:mess_xrs_calibrated:data_cdr:xrscdr2008321_dat::1.0
P,urn:nasa:pds:mess_xrs_calibrated:data_cdr:xrscdr2008322_dat::1.0
P,urn:nasa:pds:mess_xrs_calibrated:data_cdr:xrscdr2008323_dat::1.0
P,urn:nasa:pds:mess_xrs_calibrated:data_cdr:xrscdr2008324_dat::1.0
P,urn:nasa:pds:mess_xrs_calibrated:data_cdr:xrscdr2009015_dat::1.0
P,urn:nasa:pds:mess_xrs_calibrated:data_cdr:xrscdr2009016_dat::1.0
P,urn:nasa:pds:mess_xrs_calibrated:data_cdr:xrscdr2009017_dat::1.0
P,urn:nasa:pds:mess_xrs_calibrated:data_cdr:xrscdr2009018_dat::1.0
P,urn:nasa:pds:mess_xrs_calibrated:data_cdr:xrscdr2009019_dat::1.0
P,urn:nasa:pds:mess_xrs_calibrated:data_cdr:xrscdr2009020_dat::1.0
P,urn:nasa:pds:mess_xrs_calibrated:data_cdr:xrscdr2009021_dat::1.0
P,urn:nasa:pds:mess_xrs_calibrated:data_cdr:xrscdr2009022_dat::1.0
P,urn:nasa:pds:mess_xrs_calibrated:data_cdr:xrscdr2009023_dat::1.0
P,urn:nasa:pds:mess_xrs_calibrated:data_cdr:xrscdr2009024_dat::1.0
P,urn:nasa:pds:mess_xrs_calibrated:data_cdr:xrscdr2009025_dat::1.0
P,urn:nasa:pds:mess_xrs_calibrated:data_cdr:xrscdr2009026_dat::1.0
P,urn:nasa:pds:mess_xrs_calibrated:data_cdr:xrscdr2009027_dat::1.0
P,urn:nasa:pds:mess_xrs_calibrated:data_cdr:xrscdr2009028_dat::1.0
P,urn:nasa:pds:mess_xrs_calibrated:data_cdr:xrscdr2009029_dat::1.0
P,urn:nasa:pds:mess_xrs_calibrated:data_cdr:xrscdr2009030_dat::1.0
P,urn:nasa:pds:mess_xrs_calibrated:data_cdr:xrscdr2009031_dat::1.0
P,urn:nasa:pds:mess_xrs_calibrated:data_cdr:xrscdr2009032_dat::1.0
P,urn:nasa:pds:mess_xrs_calibrated:data_cdr:xrscdr2009033_dat::1.0
P,urn:nasa:pds:mess_xrs_calibrated:data_cdr:xrscdr2009034_dat::1.0
P,urn:nasa:pds:mess_xrs_calibrated:data_cdr:xrscdr2009035_dat::1.0
P,urn:nasa:pds:mess_xrs_calibrated:data_cdr:xrscdr2009036_dat::1.0
P,urn:nasa:pds:mess_xrs_calibrated:data_cdr:xrscdr2009037_dat::1.0
P,urn:nasa:pds:mess_xrs_calibrated:data_cdr:xrscdr2009038_dat::1.0
P,urn:nasa:pds:mess_xrs_calibrated:data_cdr:xrscdr2009039_dat::1.0
P,urn:nasa:pds:mess_xrs_calibrated:data_cdr:xrscdr2009040_dat::1.0
P,urn:nasa:pds:mess_xrs_calibrated:data_cdr:xrscdr2009041_dat::1.0
P,urn:nasa:pds:mess_xrs_calibrated:data_cdr:xrscdr2009042_dat::1.0
P,urn:nasa:pds:mess_xrs_calibrated:data_cdr:xrscdr2009043_dat::1.0
P,urn:nasa:pds:mess_xrs_calibrated:data_cdr:xrscdr2009044_dat::1.0
P,urn:nasa:pds:mess_xrs_calibrated:data_cdr:xrscdr2009045_dat::1.0
P,urn:nasa:pds:mess_xrs_calibrated:data_cdr:xrscdr2009046_dat::1.0
P,urn:nasa:pds:mess_xrs_calibrated:data_cdr:xrscdr2009047_dat::1.0
P,urn:nasa:pds:mess_xrs_calibrated:data_cdr:xrscdr2009048_dat::1.0
P,urn:nasa:pds:mess_xrs_calibrated:data_cdr:xrscdr2009049_dat::1.0
P,urn:nasa:pds:mess_xrs_calibrated:data_cdr:xrscdr2009050_dat::1.0
P,urn:nasa:pds:mess_xrs_calibrated:data_cdr:xrscdr2009051_dat::1.0
P,urn:nasa:pds:mess_xrs_calibrated:data_cdr:xrscdr2009052_dat::1.0
P,urn:nasa:pds:mess_xrs_calibrated:data_cdr:xrscdr2009053_dat::1.0
P,urn:nasa:pds:mess_xrs_calibrated:data_cdr:xrscdr2009054_dat::1.0
P,urn:nasa:pds:mess_xrs_calibrated:data_cdr:xrscdr2009055_dat::1.0
P,urn:nasa:pds:mess_xrs_calibrated:data_cdr:xrscdr2009056_dat::1.0
P,urn:nasa:pds:mess_xrs_calibrated:data_cdr:xrscdr2009057_dat::1.0
P,urn:nasa:pds:mess_xrs_calibrated:data_cdr:xrscdr2009058_dat::1.0
P,urn:nasa:pds:mess_xrs_calibrated:data_cdr:xrscdr2009059_dat::1.0
P,urn:nasa:pds:mess_xrs_calibrated:data_cdr:xrscdr2009060_dat::1.0
P,urn:nasa:pds:mess_xrs_calibrated:data_cdr:xrscdr2009061_dat::1.0
P,urn:nasa:pds:mess_xrs_calibrated:data_cdr:xrscdr2009062_dat::1.0
P,urn:nasa:pds:mess_xrs_calibrated:data_cdr:xrscdr2009063_dat::1.0
P,urn:nasa:pds:mess_xrs_calibrated:data_cdr:xrscdr2009064_dat::1.0
P,urn:nasa:pds:mess_xrs_calibrated:data_cdr:xrscdr2009065_dat::1.0
P,urn:nasa:pds:mess_xrs_calibrated:data_cdr:xrscdr2009066_dat::1.0
P,urn:nasa:pds:mess_xrs_calibrated:data_cdr:xrscdr2009067_dat::1.0
P,urn:nasa:pds:mess_xrs_calibrated:data_cdr:xrscdr2009068_dat::1.0
P,urn:nasa:pds:mess_xrs_calibrated:data_cdr:xrscdr2009069_dat::1.0
P,urn:nasa:pds:mess_xrs_calibrated:data_cdr:xrscdr2009070_dat::1.0
P,urn:nasa:pds:mess_xrs_calibrated:data_cdr:xrscdr2009071_dat::1.0
P,urn:nasa:pds:mess_xrs_calibrated:data_cdr:xrscdr2009072_dat::1.0
P,urn:nasa:pds:mess_xrs_calibrated:data_cdr:xrscdr2009073_dat::1.0
P,urn:nasa:pds:mess_xrs_calibrated:data_cdr:xrscdr2009074_dat::1.0
P,urn:nasa:pds:mess_xrs_calibrated:data_cdr:xrscdr2009075_dat::1.0
P,urn:nasa:pds:mess_xrs_calibrated:data_cdr:xrscdr2009076_dat::1.0
P,urn:nasa:pds:mess_xrs_calibrated:data_cdr:xrscdr2009077_dat::1.0
P,urn:nasa:pds:mess_xrs_calibrated:data_cdr:xrscdr2009078_dat::1.0
P,urn:nasa:pds:mess_xrs_calibrated:data_cdr:xrscdr2009079_dat::1.0
P,urn:nasa:pds:mess_xrs_calibrated:data_cdr:xrscdr2009080_dat::1.0
P,urn:nasa:pds:mess_xrs_calibrated:data_cdr:xrscdr2009081_dat::1.0
P,urn:nasa:pds:mess_xrs_calibrated:data_cdr:xrscdr2009082_dat::1.0
P,urn:nasa:pds:mess_xrs_calibrated:data_cdr:xrscdr2009083_dat::1.0
P,urn:nasa:pds:mess_xrs_calibrated:data_cdr:xrscdr2009084_dat::1.0
P,urn:nasa:pds:mess_xrs_calibrated:data_cdr:xrscdr2009085_dat::1.0
P,urn:nasa:pds:mess_xrs_calibrated:data_cdr:xrscdr2009086_dat::1.0
P,urn:nasa:pds:mess_xrs_calibrated:data_cdr:xrscdr2009087_dat::1.0
P,urn:nasa:pds:mess_xrs_calibrated:data_cdr:xrscdr2009088_dat::1.0
P,urn:nasa:pds:mess_xrs_calibrated:data_cdr:xrscdr2009089_dat::1.0
P,urn:nasa:pds:mess_xrs_calibrated:data_cdr:xrscdr2009090_dat::1.0
P,urn:nasa:pds:mess_xrs_calibrated:data_cdr:xrscdr2009091_dat::1.0
P,urn:nasa:pds:mess_xrs_calibrated:data_cdr:xrscdr2009092_dat::1.0
P,urn:nasa:pds:mess_xrs_calibrated:data_cdr:xrscdr2009093_dat::1.0
P,urn:nasa:pds:mess_xrs_calibrated:data_cdr:xrscdr2009094_dat::1.0
P,urn:nasa:pds:mess_xrs_calibrated:data_cdr:xrscdr2009095_dat::1.0
P,urn:nasa:pds:mess_xrs_calibrated:data_cdr:xrscdr2009096_dat::1.0
P,urn:nasa:pds:mess_xrs_calibrated:data_cdr:xrscdr2009097_dat::1.0
P,urn:nasa:pds:mess_xrs_calibrated:data_cdr:xrscdr2009098_dat::1.0
P,urn:nasa:pds:mess_xrs_calibrated:data_cdr:xrscdr2009099_dat::1.0
P,urn:nasa:pds:mess_xrs_calibrated:data_cdr:xrscdr2009100_dat::1.0
P,urn:nasa:pds:mess_xrs_calibrated:data_cdr:xrscdr2009101_dat::1.0
P,urn:nasa:pds:mess_xrs_calibrated:data_cdr:xrscdr2009102_dat::1.0
P,urn:nasa:pds:mess_xrs_calibrated:data_cdr:xrscdr2009103_dat::1.0
P,urn:nasa:pds:mess_xrs_calibrated:data_cdr:xrscdr2009104_dat::1.0
P,urn:nasa:pds:mess_xrs_calibrated:data_cdr:xrscdr2009105_dat::1.0
P,urn:nasa:pds:mess_xrs_calibrated:data_cdr:xrscdr2009106_dat::1.0
P,urn:nasa:pds:mess_xrs_calibrated:data_cdr:xrscdr2009107_dat::1.0
P,urn:nasa:pds:mess_xrs_calibrated:data_cdr:xrscdr2009108_dat::1.0
P,urn:nasa:pds:mess_xrs_calibrated:data_cdr:xrscdr2009109_dat::1.0
P,urn:nasa:pds:mess_xrs_calibrated:data_cdr:xrscdr2009110_dat::1.0
P,urn:nasa:pds:mess_xrs_calibrated:data_cdr:xrscdr2009111_dat::1.0
P,urn:nasa:pds:mess_xrs_calibrated:data_cdr:xrscdr2009112_dat::1.0
P,urn:nasa:pds:mess_xrs_calibrated:data_cdr:xrscdr2009113_dat::1.0
P,urn:nasa:pds:mess_xrs_calibrated:data_cdr:xrscdr2009114_dat::1.0
P,urn:nasa:pds:mess_xrs_calibrated:data_cdr:xrscdr2009115_dat::1.0
P,urn:nasa:pds:mess_xrs_calibrated:data_cdr:xrscdr2009116_dat::1.0
P,urn:nasa:pds:mess_xrs_calibrated:data_cdr:xrscdr2009117_dat::1.0
P,urn:nasa:pds:mess_xrs_calibrated:data_cdr:xrscdr2009118_dat::1.0
P,urn:nasa:pds:mess_xrs_calibrated:data_cdr:xrscdr2009119_dat::1.0
P,urn:nasa:pds:mess_xrs_calibrated:data_cdr:xrscdr2009120_dat::1.0
P,urn:nasa:pds:mess_xrs_calibrated:data_cdr:xrscdr2009121_dat::1.0
P,urn:nasa:pds:mess_xrs_calibrated:data_cdr:xrscdr2009122_dat::1.0
P,urn:nasa:pds:mess_xrs_calibrated:data_cdr:xrscdr2009123_dat::1.0
P,urn:nasa:pds:mess_xrs_calibrated:data_cdr:xrscdr2009124_dat::1.0
P,urn:nasa:pds:mess_xrs_calibrated:data_cdr:xrscdr2009127_dat::1.0
P,urn:nasa:pds:mess_xrs_calibrated:data_cdr:xrscdr2009128_dat::1.0
P,urn:nasa:pds:mess_xrs_calibrated:data_cdr:xrscdr2009129_dat::1.0
P,urn:nasa:pds:mess_xrs_calibrated:data_cdr:xrscdr2009130_dat::1.0
P,urn:nasa:pds:mess_xrs_calibrated:data_cdr:xrscdr2009131_dat::1.0
P,urn:nasa:pds:mess_xrs_calibrated:data_cdr:xrscdr2009132_dat::1.0
P,urn:nasa:pds:mess_xrs_calibrated:data_cdr:xrscdr2009133_dat::1.0
P,urn:nasa:pds:mess_xrs_calibrated:data_cdr:xrscdr2009134_dat::1.0
P,urn:nasa:pds:mess_xrs_calibrated:data_cdr:xrscdr2009135_dat::1.0
P,urn:nasa:pds:mess_xrs_calibrated:data_cdr:xrscdr2009136_dat::1.0
P,urn:nasa:pds:mess_xrs_calibrated:data_cdr:xrscdr2009137_dat::1.0
P,urn:nasa:pds:mess_xrs_calibrated:data_cdr:xrscdr2009240_dat::1.0
P,urn:nasa:pds:mess_xrs_calibrated:data_cdr:xrscdr2009241_dat::1.0
P,urn:nasa:pds:mess_xrs_calibrated:data_cdr:xrscdr2009242_dat::1.0
P,urn:nasa:pds:mess_xrs_calibrated:data_cdr:xrscdr2009243_dat::1.0
P,urn:nasa:pds:mess_xrs_calibrated:data_cdr:xrscdr2009244_dat::1.0
P,urn:nasa:pds:mess_xrs_calibrated:data_cdr:xrscdr2009247_dat::1.0
P,urn:nasa:pds:mess_xrs_calibrated:data_cdr:xrscdr2009248_dat::1.0
P,urn:nasa:pds:mess_xrs_calibrated:data_cdr:xrscdr2009249_dat::1.0
P,urn:nasa:pds:mess_xrs_calibrated:data_cdr:xrscdr2009250_dat::1.0
P,urn:nasa:pds:mess_xrs_calibrated:data_cdr:xrscdr2009251_dat::1.0
P,urn:nasa:pds:mess_xrs_calibrated:data_cdr:xrscdr2009252_dat::1.0
P,urn:nasa:pds:mess_xrs_calibrated:data_cdr:xrscdr2009253_dat::1.0
P,urn:nasa:pds:mess_xrs_calibrated:data_cdr:xrscdr2009254_dat::1.0
P,urn:nasa:pds:mess_xrs_calibrated:data_cdr:xrscdr2009255_dat::1.0
P,urn:nasa:pds:mess_xrs_calibrated:data_cdr:xrscdr2009256_dat::1.0
P,urn:nasa:pds:mess_xrs_calibrated:data_cdr:xrscdr2009257_dat::1.0
P,urn:nasa:pds:mess_xrs_calibrated:data_cdr:xrscdr2009258_dat::1.0
P,urn:nasa:pds:mess_xrs_calibrated:data_cdr:xrscdr2009259_dat::1.0
P,urn:nasa:pds:mess_xrs_calibrated:data_cdr:xrscdr2009260_dat::1.0
P,urn:nasa:pds:mess_xrs_calibrated:data_cdr:xrscdr2009261_dat::1.0
P,urn:nasa:pds:mess_xrs_calibrated:data_cdr:xrscdr2009262_dat::1.0
P,urn:nasa:pds:mess_xrs_calibrated:data_cdr:xrscdr2009263_dat::1.0
P,urn:nasa:pds:mess_xrs_calibrated:data_cdr:xrscdr2009264_dat::1.0
P,urn:nasa:pds:mess_xrs_calibrated:data_cdr:xrscdr2009265_dat::1.0
P,urn:nasa:pds:mess_xrs_calibrated:data_cdr:xrscdr2009266_dat::1.0
P,urn:nasa:pds:mess_xrs_calibrated:data_cdr:xrscdr2009267_dat::1.0
P,urn:nasa:pds:mess_xrs_calibrated:data_cdr:xrscdr2009268_dat::1.0
P,urn:nasa:pds:mess_xrs_calibrated:data_cdr:xrscdr2009269_dat::1.0
P,urn:nasa:pds:mess_xrs_calibrated:data_cdr:xrscdr2009270_dat::1.0
P,urn:nasa:pds:mess_xrs_calibrated:data_cdr:xrscdr2009271_dat::1.0
P,urn:nasa:pds:mess_xrs_calibrated:data_cdr:xrscdr2009272_dat::1.0
P,urn:nasa:pds:mess_xrs_calibrated:data_cdr:xrscdr2010022_dat::1.0
P,urn:nasa:pds:mess_xrs_calibrated:data_cdr:xrscdr2010023_dat::1.0
P,urn:nasa:pds:mess_xrs_calibrated:data_cdr:xrscdr2010024_dat::1.0
P,urn:nasa:pds:mess_xrs_calibrated:data_cdr:xrscdr2010025_dat::1.0
P,urn:nasa:pds:mess_xrs_calibrated:data_cdr:xrscdr2010026_dat::1.0
P,urn:nasa:pds:mess_xrs_calibrated:data_cdr:xrscdr2010027_dat::1.0
P,urn:nasa:pds:mess_xrs_calibrated:data_cdr:xrscdr2010028_dat::1.0
P,urn:nasa:pds:mess_xrs_calibrated:data_cdr:xrscdr2010029_dat::1.0
P,urn:nasa:pds:mess_xrs_calibrated:data_cdr:xrscdr2010030_dat::1.0
P,urn:nasa:pds:mess_xrs_calibrated:data_cdr:xrscdr2010031_dat::1.0
P,urn:nasa:pds:mess_xrs_calibrated:data_cdr:xrscdr2010032_dat::1.0
P,urn:nasa:pds:mess_xrs_calibrated:data_cdr:xrscdr2010033_dat::1.0
P,urn:nasa:pds:mess_xrs_calibrated:data_cdr:xrscdr2010034_dat::1.0
P,urn:nasa:pds:mess_xrs_calibrated:data_cdr:xrscdr2010035_dat::1.0
P,urn:nasa:pds:mess_xrs_calibrated:data_cdr:xrscdr2010036_dat::1.0
P,urn:nasa:pds:mess_xrs_calibrated:data_cdr:xrscdr2010037_dat::1.0
P,urn:nasa:pds:mess_xrs_calibrated:data_cdr:xrscdr2010038_dat::1.0
P,urn:nasa:pds:mess_xrs_calibrated:data_cdr:xrscdr2010039_dat::1.0
P,urn:nasa:pds:mess_xrs_calibrated:data_cdr:xrscdr2010040_dat::1.0
P,urn:nasa:pds:mess_xrs_calibrated:data_cdr:xrscdr2010041_dat::1.0
P,urn:nasa:pds:mess_xrs_calibrated:data_cdr:xrscdr2010042_dat::1.0
P,urn:nasa:pds:mess_xrs_calibrated:data_cdr:xrscdr2010043_dat::1.0
P,urn:nasa:pds:mess_xrs_calibrated:data_cdr:xrscdr2010044_dat::1.0
P,urn:nasa:pds:mess_xrs_calibrated:data_cdr:xrscdr2010045_dat::1.0
P,urn:nasa:pds:mess_xrs_calibrated:data_cdr:xrscdr2010046_dat::1.0
P,urn:nasa:pds:mess_xrs_calibrated:data_cdr:xrscdr2010047_dat::1.0
P,urn:nasa:pds:mess_xrs_calibrated:data_cdr:xrscdr2010048_dat::1.0
P,urn:nasa:pds:mess_xrs_calibrated:data_cdr:xrscdr2010049_dat::1.0
P,urn:nasa:pds:mess_xrs_calibrated:data_cdr:xrscdr2010050_dat::1.0
P,urn:nasa:pds:mess_xrs_calibrated:data_cdr:xrscdr2010051_dat::1.0
P,urn:nasa:pds:mess_xrs_calibrated:data_cdr:xrscdr2010052_dat::1.0
P,urn:nasa:pds:mess_xrs_calibrated:data_cdr:xrscdr2010053_dat::1.0
P,urn:nasa:pds:mess_xrs_calibrated:data_cdr:xrscdr2010054_dat::1.0
P,urn:nasa:pds:mess_xrs_calibrated:data_cdr:xrscdr2010055_dat::1.0
P,urn:nasa:pds:mess_xrs_calibrated:data_cdr:xrscdr2010056_dat::1.0
P,urn:nasa:pds:mess_xrs_calibrated:data_cdr:xrscdr2010057_dat::1.0
P,urn:nasa:pds:mess_xrs_calibrated:data_cdr:xrscdr2010058_dat::1.0
P,urn:nasa:pds:mess_xrs_calibrated:data_cdr:xrscdr2010059_dat::1.0
P,urn:nasa:pds:mess_xrs_calibrated:data_cdr:xrscdr2010060_dat::1.0
P,urn:nasa:pds:mess_xrs_calibrated:data_cdr:xrscdr2010061_dat::1.0
P,urn:nasa:pds:mess_xrs_calibrated:data_cdr:xrscdr2010062_dat::1.0
P,urn:nasa:pds:mess_xrs_calibrated:data_cdr:xrscdr2010063_dat::1.0
P,urn:nasa:pds:mess_xrs_calibrated:data_cdr:xrscdr2010064_dat::1.0
P,urn:nasa:pds:mess_xrs_calibrated:data_cdr:xrscdr2010065_dat::1.0
P,urn:nasa:pds:mess_xrs_calibrated:data_cdr:xrscdr2010066_dat::1.0
P,urn:nasa:pds:mess_xrs_calibrated:data_cdr:xrscdr2010067_dat::1.0
P,urn:nasa:pds:mess_xrs_calibrated:data_cdr:xrscdr2010068_dat::1.0
P,urn:nasa:pds:mess_xrs_calibrated:data_cdr:xrscdr2010069_dat::1.0
P,urn:nasa:pds:mess_xrs_calibrated:data_cdr:xrscdr2010070_dat::1.0
P,urn:nasa:pds:mess_xrs_calibrated:data_cdr:xrscdr2010071_dat::1.0
P,urn:nasa:pds:mess_xrs_calibrated:data_cdr:xrscdr2010072_dat::1.0
P,urn:nasa:pds:mess_xrs_calibrated:data_cdr:xrscdr2010073_dat::1.0
P,urn:nasa:pds:mess_xrs_calibrated:data_cdr:xrscdr2010074_dat::1.0
P,urn:nasa:pds:mess_xrs_calibrated:data_cdr:xrscdr2010075_dat::1.0
P,urn:nasa:pds:mess_xrs_calibrated:data_cdr:xrscdr2010076_dat::1.0
P,urn:nasa:pds:mess_xrs_calibrated:data_cdr:xrscdr2010077_dat::1.0
P,urn:nasa:pds:mess_xrs_calibrated:data_cdr:xrscdr2010078_dat::1.0
P,urn:nasa:pds:mess_xrs_calibrated:data_cdr:xrscdr2010079_dat::1.0
P,urn:nasa:pds:mess_xrs_calibrated:data_cdr:xrscdr2010080_dat::1.0
P,urn:nasa:pds:mess_xrs_calibrated:data_cdr:xrscdr2010081_dat::1.0
P,urn:nasa:pds:mess_xrs_calibrated:data_cdr:xrscdr2010082_dat::1.0
P,urn:nasa:pds:mess_xrs_calibrated:data_cdr:xrscdr2010083_dat::1.0
P,urn:nasa:pds:mess_xrs_calibrated:data_cdr:xrscdr2010084_dat::1.0
P,urn:nasa:pds:mess_xrs_calibrated:data_cdr:xrscdr2010085_dat::1.0
P,urn:nasa:pds:mess_xrs_calibrated:data_cdr:xrscdr2010086_dat::1.0
P,urn:nasa:pds:mess_xrs_calibrated:data_cdr:xrscdr2010087_dat::1.0
P,urn:nasa:pds:mess_xrs_calibrated:data_cdr:xrscdr2010088_dat::1.0
P,urn:nasa:pds:mess_xrs_calibrated:data_cdr:xrscdr2010089_dat::1.0
P,urn:nasa:pds:mess_xrs_calibrated:data_cdr:xrscdr2010090_dat::1.0
P,urn:nasa:pds:mess_xrs_calibrated:data_cdr:xrscdr2010091_dat::1.0
P,urn:nasa:pds:mess_xrs_calibrated:data_cdr:xrscdr2010092_dat::1.0
P,urn:nasa:pds:mess_xrs_calibrated:data_cdr:xrscdr2010093_dat::1.0
P,urn:nasa:pds:mess_xrs_calibrated:data_cdr:xrscdr2010094_dat::1.0
P,urn:nasa:pds:mess_xrs_calibrated:data_cdr:xrscdr2010095_dat::1.0
P,urn:nasa:pds:mess_xrs_calibrated:data_cdr:xrscdr2010096_dat::1.0
P,urn:nasa:pds:mess_xrs_calibrated:data_cdr:xrscdr2010097_dat::1.0
P,urn:nasa:pds:mess_xrs_calibrated:data_cdr:xrscdr2010098_dat::1.0
P,urn:nasa:pds:mess_xrs_calibrated:data_cdr:xrscdr2010099_dat::1.0
P,urn:nasa:pds:mess_xrs_calibrated:data_cdr:xrscdr2010100_dat::1.0
P,urn:nasa:pds:mess_xrs_calibrated:data_cdr:xrscdr2010101_dat::1.0
P,urn:nasa:pds:mess_xrs_calibrated:data_cdr:xrscdr2010102_dat::1.0
P,urn:nasa:pds:mess_xrs_calibrated:data_cdr:xrscdr2010103_dat::1.0
P,urn:nasa:pds:mess_xrs_calibrated:data_cdr:xrscdr2010104_dat::1.0
P,urn:nasa:pds:mess_xrs_calibrated:data_cdr:xrscdr2010105_dat::1.0
P,urn:nasa:pds:mess_xrs_calibrated:data_cdr:xrscdr2010106_dat::1.0
P,urn:nasa:pds:mess_xrs_calibrated:data_cdr:xrscdr2010107_dat::1.0
P,urn:nasa:pds:mess_xrs_calibrated:data_cdr:xrscdr2010108_dat::1.0
P,urn:nasa:pds:mess_xrs_calibrated:data_cdr:xrscdr2010109_dat::1.0
P,urn:nasa:pds:mess_xrs_calibrated:data_cdr:xrscdr2010110_dat::1.0
P,urn:nasa:pds:mess_xrs_calibrated:data_cdr:xrscdr2010111_dat::1.0
P,urn:nasa:pds:mess_xrs_calibrated:data_cdr:xrscdr2010112_dat::1.0
P,urn:nasa:pds:mess_xrs_calibrated:data_cdr:xrscdr2010113_dat::1.0
P,urn:nasa:pds:mess_xrs_calibrated:data_cdr:xrscdr2010114_dat::1.0
P,urn:nasa:pds:mess_xrs_calibrated:data_cdr:xrscdr2010115_dat::1.0
P,urn:nasa:pds:mess_xrs_calibrated:data_cdr:xrscdr2010116_dat::1.0
P,urn:nasa:pds:mess_xrs_calibrated:data_cdr:xrscdr2010117_dat::1.0
P,urn:nasa:pds:mess_xrs_calibrated:data_cdr:xrscdr2010118_dat::1.0
P,urn:nasa:pds:mess_xrs_calibrated:data_cdr:xrscdr2010119_dat::1.0
P,urn:nasa:pds:mess_xrs_calibrated:data_cdr:xrscdr2010120_dat::1.0
P,urn:nasa:pds:mess_xrs_calibrated:data_cdr:xrscdr2010121_dat::1.0
P,urn:nasa:pds:mess_xrs_calibrated:data_cdr:xrscdr2010122_dat::1.0
P,urn:nasa:pds:mess_xrs_calibrated:data_cdr:xrscdr2010123_dat::1.0
P,urn:nasa:pds:mess_xrs_calibrated:data_cdr:xrscdr2010124_dat::1.0
P,urn:nasa:pds:mess_xrs_calibrated:data_cdr:xrscdr2010125_dat::1.0
P,urn:nasa:pds:mess_xrs_calibrated:data_cdr:xrscdr2010126_dat::1.0
P,urn:nasa:pds:mess_xrs_calibrated:data_cdr:xrscdr2010127_dat::1.0
P,urn:nasa:pds:mess_xrs_calibrated:data_cdr:xrscdr2010128_dat::1.0
P,urn:nasa:pds:mess_xrs_calibrated:data_cdr:xrscdr2010129_dat::1.0
P,urn:nasa:pds:mess_xrs_calibrated:data_cdr:xrscdr2010130_dat::1.0
P,urn:nasa:pds:mess_xrs_calibrated:data_cdr:xrscdr2010131_dat::1.0
P,urn:nasa:pds:mess_xrs_calibrated:data_cdr:xrscdr2010132_dat::1.0
P,urn:nasa:pds:mess_xrs_calibrated:data_cdr:xrscdr2010133_dat::1.0
P,urn:nasa:pds:mess_xrs_calibrated:data_cdr:xrscdr2010134_dat::1.0
P,urn:nasa:pds:mess_xrs_calibrated:data_cdr:xrscdr2010135_dat::1.0
P,urn:nasa:pds:mess_xrs_calibrated:data_cdr:xrscdr2010136_dat::1.0
P,urn:nasa:pds:mess_xrs_calibrated:data_cdr:xrscdr2010137_dat::1.0
P,urn:nasa:pds:mess_xrs_calibrated:data_cdr:xrscdr2010138_dat::1.0
P,urn:nasa:pds:mess_xrs_calibrated:data_cdr:xrscdr2010139_dat::1.0
P,urn:nasa:pds:mess_xrs_calibrated:data_cdr:xrscdr2010140_dat::1.0
P,urn:nasa:pds:mess_xrs_calibrated:data_cdr:xrscdr2010141_dat::1.0
P,urn:nasa:pds:mess_xrs_calibrated:data_cdr:xrscdr2010142_dat::1.0
P,urn:nasa:pds:mess_xrs_calibrated:data_cdr:xrscdr2010143_dat::1.0
P,urn:nasa:pds:mess_xrs_calibrated:data_cdr:xrscdr2010144_dat::1.0
P,urn:nasa:pds:mess_xrs_calibrated:data_cdr:xrscdr2010145_dat::1.0
P,urn:nasa:pds:mess_xrs_calibrated:data_cdr:xrscdr2010146_dat::1.0
P,urn:nasa:pds:mess_xrs_calibrated:data_cdr:xrscdr2010147_dat::1.0
P,urn:nasa:pds:mess_xrs_calibrated:data_cdr:xrscdr2010148_dat::1.0
P,urn:nasa:pds:mess_xrs_calibrated:data_cdr:xrscdr2010149_dat::1.0
P,urn:nasa:pds:mess_xrs_calibrated:data_cdr:xrscdr2010150_dat::1.0
P,urn:nasa:pds:mess_xrs_calibrated:data_cdr:xrscdr2010151_dat::1.0
P,urn:nasa:pds:mess_xrs_calibrated:data_cdr:xrscdr2010152_dat::1.0
P,urn:nasa:pds:mess_xrs_calibrated:data_cdr:xrscdr2010153_dat::1.0
P,urn:nasa:pds:mess_xrs_calibrated:data_cdr:xrscdr2010154_dat::1.0
P,urn:nasa:pds:mess_xrs_calibrated:data_cdr:xrscdr2010155_dat::1.0
P,urn:nasa:pds:mess_xrs_calibrated:data_cdr:xrscdr2010156_dat::1.0
P,urn:nasa:pds:mess_xrs_calibrated:data_cdr:xrscdr2010157_dat::1.0
P,urn:nasa:pds:mess_xrs_calibrated:data_cdr:xrscdr2010158_dat::1.0
P,urn:nasa:pds:mess_xrs_calibrated:data_cdr:xrscdr2010159_dat::1.0
P,urn:nasa:pds:mess_xrs_calibrated:data_cdr:xrscdr2010160_dat::1.0
P,urn:nasa:pds:mess_xrs_calibrated:data_cdr:xrscdr2010161_dat::1.0
P,urn:nasa:pds:mess_xrs_calibrated:data_cdr:xrscdr2010162_dat::1.0
P,urn:nasa:pds:mess_xrs_calibrated:data_cdr:xrscdr2010163_dat::1.0
P,urn:nasa:pds:mess_xrs_calibrated:data_cdr:xrscdr2010164_dat::1.0
P,urn:nasa:pds:mess_xrs_calibrated:data_cdr:xrscdr2010165_dat::1.0
P,urn:nasa:pds:mess_xrs_calibrated:data_cdr:xrscdr2010166_dat::1.0
P,urn:nasa:pds:mess_xrs_calibrated:data_cdr:xrscdr2010167_dat::1.0
P,urn:nasa:pds:mess_xrs_calibrated:data_cdr:xrscdr2010168_dat::1.0
P,urn:nasa:pds:mess_xrs_calibrated:data_cdr:xrscdr2010169_dat::1.0
P,urn:nasa:pds:mess_xrs_calibrated:data_cdr:xrscdr2010170_dat::1.0
P,urn:nasa:pds:mess_xrs_calibrated:data_cdr:xrscdr2010171_dat::1.0
P,urn:nasa:pds:mess_xrs_calibrated:data_cdr:xrscdr2010172_dat::1.0
P,urn:nasa:pds:mess_xrs_calibrated:data_cdr:xrscdr2010173_dat::1.0
P,urn:nasa:pds:mess_xrs_calibrated:data_cdr:xrscdr2010174_dat::1.0
P,urn:nasa:pds:mess_xrs_calibrated:data_cdr:xrscdr2010175_dat::1.0
P,urn:nasa:pds:mess_xrs_calibrated:data_cdr:xrscdr2010176_dat::1.0
P,urn:nasa:pds:mess_xrs_calibrated:data_cdr:xrscdr2010177_dat::1.0
P,urn:nasa:pds:mess_xrs_calibrated:data_cdr:xrscdr2010178_dat::1.0
P,urn:nasa:pds:mess_xrs_calibrated:data_cdr:xrscdr2010179_dat::1.0
P,urn:nasa:pds:mess_xrs_calibrated:data_cdr:xrscdr2010180_dat::1.0
P,urn:nasa:pds:mess_xrs_calibrated:data_cdr:xrscdr2010181_dat::1.0
P,urn:nasa:pds:mess_xrs_calibrated:data_cdr:xrscdr2010182_dat::1.0
P,urn:nasa:pds:mess_xrs_calibrated:data_cdr:xrscdr2010183_dat::1.0
P,urn:nasa:pds:mess_xrs_calibrated:data_cdr:xrscdr2010184_dat::1.0
P,urn:nasa:pds:mess_xrs_calibrated:data_cdr:xrscdr2010185_dat::1.0
P,urn:nasa:pds:mess_xrs_calibrated:data_cdr:xrscdr2010186_dat::1.0
P,urn:nasa:pds:mess_xrs_calibrated:data_cdr:xrscdr2010187_dat::1.0
P,urn:nasa:pds:mess_xrs_calibrated:data_cdr:xrscdr2010188_dat::1.0
P,urn:nasa:pds:mess_xrs_calibrated:data_cdr:xrscdr2010189_dat::1.0
P,urn:nasa:pds:mess_xrs_calibrated:data_cdr:xrscdr2010190_dat::1.0
P,urn:nasa:pds:mess_xrs_calibrated:data_cdr:xrscdr2010191_dat::1.0
P,urn:nasa:pds:mess_xrs_calibrated:data_cdr:xrscdr2010192_dat::1.0
P,urn:nasa:pds:mess_xrs_calibrated:data_cdr:xrscdr2010193_dat::1.0
P,urn:nasa:pds:mess_xrs_calibrated:data_cdr:xrscdr2010194_dat::1.0
P,urn:nasa:pds:mess_xrs_calibrated:data_cdr:xrscdr2010195_dat::1.0
P,urn:nasa:pds:mess_xrs_calibrated:data_cdr:xrscdr2010196_dat::1.0
P,urn:nasa:pds:mess_xrs_calibrated:data_cdr:xrscdr2010197_dat::1.0
P,urn:nasa:pds:mess_xrs_calibrated:data_cdr:xrscdr2010198_dat::1.0
P,urn:nasa:pds:mess_xrs_calibrated:data_cdr:xrscdr2010199_dat::1.0
P,urn:nasa:pds:mess_xrs_calibrated:data_cdr:xrscdr2010200_dat::1.0
P,urn:nasa:pds:mess_xrs_calibrated:data_cdr:xrscdr2010201_dat::1.0
P,urn:nasa:pds:mess_xrs_calibrated:data_cdr:xrscdr2010202_dat::1.0
P,urn:nasa:pds:mess_xrs_calibrated:data_cdr:xrscdr2010203_dat::1.0
P,urn:nasa:pds:mess_xrs_calibrated:data_cdr:xrscdr2010204_dat::1.0
P,urn:nasa:pds:mess_xrs_calibrated:data_cdr:xrscdr2010205_dat::1.0
P,urn:nasa:pds:mess_xrs_calibrated:data_cdr:xrscdr2010206_dat::1.0
P,urn:nasa:pds:mess_xrs_calibrated:data_cdr:xrscdr2010207_dat::1.0
P,urn:nasa:pds:mess_xrs_calibrated:data_cdr:xrscdr2010208_dat::1.0
P,urn:nasa:pds:mess_xrs_calibrated:data_cdr:xrscdr2010209_dat::1.0
P,urn:nasa:pds:mess_xrs_calibrated:data_cdr:xrscdr2010210_dat::1.0
P,urn:nasa:pds:mess_xrs_calibrated:data_cdr:xrscdr2010211_dat::1.0
P,urn:nasa:pds:mess_xrs_calibrated:data_cdr:xrscdr2010212_dat::1.0
P,urn:nasa:pds:mess_xrs_calibrated:data_cdr:xrscdr2010213_dat::1.0
P,urn:nasa:pds:mess_xrs_calibrated:data_cdr:xrscdr2010214_dat::1.0
P,urn:nasa:pds:mess_xrs_calibrated:data_cdr:xrscdr2010215_dat::1.0
P,urn:nasa:pds:mess_xrs_calibrated:data_cdr:xrscdr2010216_dat::1.0
P,urn:nasa:pds:mess_xrs_calibrated:data_cdr:xrscdr2010217_dat::1.0
P,urn:nasa:pds:mess_xrs_calibrated:data_cdr:xrscdr2010218_dat::1.0
P,urn:nasa:pds:mess_xrs_calibrated:data_cdr:xrscdr2010219_dat::1.0
P,urn:nasa:pds:mess_xrs_calibrated:data_cdr:xrscdr2010220_dat::1.0
P,urn:nasa:pds:mess_xrs_calibrated:data_cdr:xrscdr2010221_dat::1.0
P,urn:nasa:pds:mess_xrs_calibrated:data_cdr:xrscdr2010222_dat::1.0
P,urn:nasa:pds:mess_xrs_calibrated:data_cdr:xrscdr2010223_dat::1.0
P,urn:nasa:pds:mess_xrs_calibrated:data_cdr:xrscdr2010224_dat::1.0
P,urn:nasa:pds:mess_xrs_calibrated:data_cdr:xrscdr2010225_dat::1.0
P,urn:nasa:pds:mess_xrs_calibrated:data_cdr:xrscdr2010226_dat::1.0
P,urn:nasa:pds:mess_xrs_calibrated:data_cdr:xrscdr2010227_dat::1.0
P,urn:nasa:pds:mess_xrs_calibrated:data_cdr:xrscdr2010228_dat::1.0
P,urn:nasa:pds:mess_xrs_calibrated:data_cdr:xrscdr2010229_dat::1.0
P,urn:nasa:pds:mess_xrs_calibrated:data_cdr:xrscdr2010230_dat::1.0
P,urn:nasa:pds:mess_xrs_calibrated:data_cdr:xrscdr2010231_dat::1.0
P,urn:nasa:pds:mess_xrs_calibrated:data_cdr:xrscdr2010232_dat::1.0
P,urn:nasa:pds:mess_xrs_calibrated:data_cdr:xrscdr2010233_dat::1.0
P,urn:nasa:pds:mess_xrs_calibrated:data_cdr:xrscdr2010234_dat::1.0
P,urn:nasa:pds:mess_xrs_calibrated:data_cdr:xrscdr2010235_dat::1.0
P,urn:nasa:pds:mess_xrs_calibrated:data_cdr:xrscdr2010236_dat::1.0
P,urn:nasa:pds:mess_xrs_calibrated:data_cdr:xrscdr2010237_dat::1.0
P,urn:nasa:pds:mess_xrs_calibrated:data_cdr:xrscdr2010238_dat::1.0
P,urn:nasa:pds:mess_xrs_calibrated:data_cdr:xrscdr2010239_dat::1.0
P,urn:nasa:pds:mess_xrs_calibrated:data_cdr:xrscdr2010240_dat::1.0
P,urn:nasa:pds:mess_xrs_calibrated:data_cdr:xrscdr2010241_dat::1.0
P,urn:nasa:pds:mess_xrs_calibrated:data_cdr:xrscdr2010242_dat::1.0
P,urn:nasa:pds:mess_xrs_calibrated:data_cdr:xrscdr2010243_dat::1.0
P,urn:nasa:pds:mess_xrs_calibrated:data_cdr:xrscdr2010244_dat::1.0
P,urn:nasa:pds:mess_xrs_calibrated:data_cdr:xrscdr2010245_dat::1.0
P,urn:nasa:pds:mess_xrs_calibrated:data_cdr:xrscdr2010246_dat::1.0
P,urn:nasa:pds:mess_xrs_calibrated:data_cdr:xrscdr2010247_dat::1.0
P,urn:nasa:pds:mess_xrs_calibrated:data_cdr:xrscdr2010248_dat::1.0
P,urn:nasa:pds:mess_xrs_calibrated:data_cdr:xrscdr2010249_dat::1.0
P,urn:nasa:pds:mess_xrs_calibrated:data_cdr:xrscdr2010250_dat::1.0
P,urn:nasa:pds:mess_xrs_calibrated:data_cdr:xrscdr2010251_dat::1.0
P,urn:nasa:pds:mess_xrs_calibrated:data_cdr:xrscdr2010252_dat::1.0
P,urn:nasa:pds:mess_xrs_calibrated:data_cdr:xrscdr2010253_dat::1.0
P,urn:nasa:pds:mess_xrs_calibrated:data_cdr:xrscdr2010254_dat::1.0
P,urn:nasa:pds:mess_xrs_calibrated:data_cdr:xrscdr2010255_dat::1.0
P,urn:nasa:pds:mess_xrs_calibrated:data_cdr:xrscdr2010256_dat::1.0
P,urn:nasa:pds:mess_xrs_calibrated:data_cdr:xrscdr2010257_dat::1.0
P,urn:nasa:pds:mess_xrs_calibrated:data_cdr:xrscdr2010258_dat::1.0
P,urn:nasa:pds:mess_xrs_calibrated:data_cdr:xrscdr2010259_dat::1.0
P,urn:nasa:pds:mess_xrs_calibrated:data_cdr:xrscdr2010260_dat::1.0
P,urn:nasa:pds:mess_xrs_calibrated:data_cdr:xrscdr2010261_dat::1.0
P,urn:nasa:pds:mess_xrs_calibrated:data_cdr:xrscdr2010262_dat::1.0
P,urn:nasa:pds:mess_xrs_calibrated:data_cdr:xrscdr2010263_dat::1.0
P,urn:nasa:pds:mess_xrs_calibrated:data_cdr:xrscdr2010264_dat::1.0
P,urn:nasa:pds:mess_xrs_calibrated:data_cdr:xrscdr2010265_dat::1.0
P,urn:nasa:pds:mess_xrs_calibrated:data_cdr:xrscdr2010266_dat::1.0
P,urn:nasa:pds:mess_xrs_calibrated:data_cdr:xrscdr2010267_dat::1.0
P,urn:nasa:pds:mess_xrs_calibrated:data_cdr:xrscdr2010268_dat::1.0
P,urn:nasa:pds:mess_xrs_calibrated:data_cdr:xrscdr2010269_dat::1.0
P,urn:nasa:pds:mess_xrs_calibrated:data_cdr:xrscdr2010270_dat::1.0
P,urn:nasa:pds:mess_xrs_calibrated:data_cdr:xrscdr2010271_dat::1.0
P,urn:nasa:pds:mess_xrs_calibrated:data_cdr:xrscdr2010272_dat::1.0
P,urn:nasa:pds:mess_xrs_calibrated:data_cdr:xrscdr2010273_dat::1.0
P,urn:nasa:pds:mess_xrs_calibrated:data_cdr:xrscdr2010274_dat::1.0
P,urn:nasa:pds:mess_xrs_calibrated:data_cdr:xrscdr2010275_dat::1.0
P,urn:nasa:pds:mess_xrs_calibrated:data_cdr:xrscdr2010276_dat::1.0
P,urn:nasa:pds:mess_xrs_calibrated:data_cdr:xrscdr2010277_dat::1.0
P,urn:nasa:pds:mess_xrs_calibrated:data_cdr:xrscdr2010278_dat::1.0
P,urn:nasa:pds:mess_xrs_calibrated:data_cdr:xrscdr2010279_dat::1.0
P,urn:nasa:pds:mess_xrs_calibrated:data_cdr:xrscdr2010280_dat::1.0
P,urn:nasa:pds:mess_xrs_calibrated:data_cdr:xrscdr2010281_dat::1.0
P,urn:nasa:pds:mess_xrs_calibrated:data_cdr:xrscdr2010282_dat::1.0
P,urn:nasa:pds:mess_xrs_calibrated:data_cdr:xrscdr2010283_dat::1.0
P,urn:nasa:pds:mess_xrs_calibrated:data_cdr:xrscdr2010284_dat::1.0
P,urn:nasa:pds:mess_xrs_calibrated:data_cdr:xrscdr2010285_dat::1.0
P,urn:nasa:pds:mess_xrs_calibrated:data_cdr:xrscdr2010286_dat::1.0
P,urn:nasa:pds:mess_xrs_calibrated:data_cdr:xrscdr2010287_dat::1.0
P,urn:nasa:pds:mess_xrs_calibrated:data_cdr:xrscdr2010288_dat::1.0
P,urn:nasa:pds:mess_xrs_calibrated:data_cdr:xrscdr2010289_dat::1.0
P,urn:nasa:pds:mess_xrs_calibrated:data_cdr:xrscdr2010290_dat::1.0
P,urn:nasa:pds:mess_xrs_calibrated:data_cdr:xrscdr2010291_dat::1.0
P,urn:nasa:pds:mess_xrs_calibrated:data_cdr:xrscdr2010292_dat::1.0
P,urn:nasa:pds:mess_xrs_calibrated:data_cdr:xrscdr2010293_dat::1.0
P,urn:nasa:pds:mess_xrs_calibrated:data_cdr:xrscdr2010294_dat::1.0
P,urn:nasa:pds:mess_xrs_calibrated:data_cdr:xrscdr2010295_dat::1.0
P,urn:nasa:pds:mess_xrs_calibrated:data_cdr:xrscdr2010296_dat::1.0
P,urn:nasa:pds:mess_xrs_calibrated:data_cdr:xrscdr2010297_dat::1.0
P,urn:nasa:pds:mess_xrs_calibrated:data_cdr:xrscdr2010298_dat::1.0
P,urn:nasa:pds:mess_xrs_calibrated:data_cdr:xrscdr2010299_dat::1.0
P,urn:nasa:pds:mess_xrs_calibrated:data_cdr:xrscdr2010300_dat::1.0
P,urn:nasa:pds:mess_xrs_calibrated:data_cdr:xrscdr2010301_dat::1.0
P,urn:nasa:pds:mess_xrs_calibrated:data_cdr:xrscdr2010302_dat::1.0
P,urn:nasa:pds:mess_xrs_calibrated:data_cdr:xrscdr2010303_dat::1.0
P,urn:nasa:pds:mess_xrs_calibrated:data_cdr:xrscdr2010304_dat::1.0
P,urn:nasa:pds:mess_xrs_calibrated:data_cdr:xrscdr2010305_dat::1.0
P,urn:nasa:pds:mess_xrs_calibrated:data_cdr:xrscdr2010306_dat::1.0
P,urn:nasa:pds:mess_xrs_calibrated:data_cdr:xrscdr2010307_dat::1.0
P,urn:nasa:pds:mess_xrs_calibrated:data_cdr:xrscdr2010308_dat::1.0
P,urn:nasa:pds:mess_xrs_calibrated:data_cdr:xrscdr2010309_dat::1.0
P,urn:nasa:pds:mess_xrs_calibrated:data_cdr:xrscdr2010310_dat::1.0
P,urn:nasa:pds:mess_xrs_calibrated:data_cdr:xrscdr2010311_dat::1.0
P,urn:nasa:pds:mess_xrs_calibrated:data_cdr:xrscdr2010312_dat::1.0
P,urn:nasa:pds:mess_xrs_calibrated:data_cdr:xrscdr2010313_dat::1.0
P,urn:nasa:pds:mess_xrs_calibrated:data_cdr:xrscdr2010314_dat::1.0
P,urn:nasa:pds:mess_xrs_calibrated:data_cdr:xrscdr2010315_dat::1.0
P,urn:nasa:pds:mess_xrs_calibrated:data_cdr:xrscdr2010316_dat::1.0
P,urn:nasa:pds:mess_xrs_calibrated:data_cdr:xrscdr2010317_dat::1.0
P,urn:nasa:pds:mess_xrs_calibrated:data_cdr:xrscdr2010318_dat::1.0
P,urn:nasa:pds:mess_xrs_calibrated:data_cdr:xrscdr2010319_dat::1.0
P,urn:nasa:pds:mess_xrs_calibrated:data_cdr:xrscdr2010320_dat::1.0
P,urn:nasa:pds:mess_xrs_calibrated:data_cdr:xrscdr2010321_dat::1.0
P,urn:nasa:pds:mess_xrs_calibrated:data_cdr:xrscdr2010322_dat::1.0
P,urn:nasa:pds:mess_xrs_calibrated:data_cdr:xrscdr2010323_dat::1.0
P,urn:nasa:pds:mess_xrs_calibrated:data_cdr:xrscdr2010324_dat::1.0
P,urn:nasa:pds:mess_xrs_calibrated:data_cdr:xrscdr2010325_dat::1.0
P,urn:nasa:pds:mess_xrs_calibrated:data_cdr:xrscdr2010326_dat::1.0
P,urn:nasa:pds:mess_xrs_calibrated:data_cdr:xrscdr2010327_dat::1.0
P,urn:nasa:pds:mess_xrs_calibrated:data_cdr:xrscdr2010328_dat::1.0
P,urn:nasa:pds:mess_xrs_calibrated:data_cdr:xrscdr2010329_dat::1.0
P,urn:nasa:pds:mess_xrs_calibrated:data_cdr:xrscdr2010330_dat::1.0
P,urn:nasa:pds:mess_xrs_calibrated:data_cdr:xrscdr2010331_dat::1.0
P,urn:nasa:pds:mess_xrs_calibrated:data_cdr:xrscdr2010332_dat::1.0
P,urn:nasa:pds:mess_xrs_calibrated:data_cdr:xrscdr2010333_dat::1.0
P,urn:nasa:pds:mess_xrs_calibrated:data_cdr:xrscdr2010334_dat::1.0
P,urn:nasa:pds:mess_xrs_calibrated:data_cdr:xrscdr2010335_dat::1.0
P,urn:nasa:pds:mess_xrs_calibrated:data_cdr:xrscdr2010336_dat::1.0
P,urn:nasa:pds:mess_xrs_calibrated:data_cdr:xrscdr2010337_dat::1.0
P,urn:nasa:pds:mess_xrs_calibrated:data_cdr:xrscdr2010340_dat::1.0
P,urn:nasa:pds:mess_xrs_calibrated:data_cdr:xrscdr2010341_dat::1.0
P,urn:nasa:pds:mess_xrs_calibrated:data_cdr:xrscdr2010342_dat::1.0
P,urn:nasa:pds:mess_xrs_calibrated:data_cdr:xrscdr2010343_dat::1.0
P,urn:nasa:pds:mess_xrs_calibrated:data_cdr:xrscdr2010344_dat::1.0
P,urn:nasa:pds:mess_xrs_calibrated:data_cdr:xrscdr2010345_dat::1.0
P,urn:nasa:pds:mess_xrs_calibrated:data_cdr:xrscdr2010346_dat::1.0
P,urn:nasa:pds:mess_xrs_calibrated:data_cdr:xrscdr2010347_dat::1.0
P,urn:nasa:pds:mess_xrs_calibrated:data_cdr:xrscdr2010348_dat::1.0
P,urn:nasa:pds:mess_xrs_calibrated:data_cdr:xrscdr2010349_dat::1.0
P,urn:nasa:pds:mess_xrs_calibrated:data_cdr:xrscdr2010350_dat::1.0
P,urn:nasa:pds:mess_xrs_calibrated:data_cdr:xrscdr2010351_dat::1.0
P,urn:nasa:pds:mess_xrs_calibrated:data_cdr:xrscdr2010352_dat::1.0
P,urn:nasa:pds:mess_xrs_calibrated:data_cdr:xrscdr2010353_dat::1.0
P,urn:nasa:pds:mess_xrs_calibrated:data_cdr:xrscdr2010354_dat::1.0
P,urn:nasa:pds:mess_xrs_calibrated:data_cdr:xrscdr2010355_dat::1.0
P,urn:nasa:pds:mess_xrs_calibrated:data_cdr:xrscdr2010356_dat::1.0
P,urn:nasa:pds:mess_xrs_calibrated:data_cdr:xrscdr2010357_dat::1.0
P,urn:nasa:pds:mess_xrs_calibrated:data_cdr:xrscdr2010358_dat::1.0
P,urn:nasa:pds:mess_xrs_calibrated:data_cdr:xrscdr2010359_dat::1.0
P,urn:nasa:pds:mess_xrs_calibrated:data_cdr:xrscdr2010360_dat::1.0
P,urn:nasa:pds:mess_xrs_calibrated:data_cdr:xrscdr2010361_dat::1.0
P,urn:nasa:pds:mess_xrs_calibrated:data_cdr:xrscdr2010362_dat::1.0
P,urn:nasa:pds:mess_xrs_calibrated:data_cdr:xrscdr2010363_dat::1.0
P,urn:nasa:pds:mess_xrs_calibrated:data_cdr:xrscdr2010364_dat::1.0
P,urn:nasa:pds:mess_xrs_calibrated:data_cdr:xrscdr2010365_dat::1.0
P,urn:nasa:pds:mess_xrs_calibrated:data_cdr:xrscdr2011001_dat::1.0
P,urn:nasa:pds:mess_xrs_calibrated:data_cdr:xrscdr2011002_dat::1.0
P,urn:nasa:pds:mess_xrs_calibrated:data_cdr:xrscdr2011003_dat::1.0
P,urn:nasa:pds:mess_xrs_calibrated:data_cdr:xrscdr2011004_dat::1.0
P,urn:nasa:pds:mess_xrs_calibrated:data_cdr:xrscdr2011005_dat::1.0
P,urn:nasa:pds:mess_xrs_calibrated:data_cdr:xrscdr2011006_dat::1.0
P,urn:nasa:pds:mess_xrs_calibrated:data_cdr:xrscdr2011007_dat::1.0
P,urn:nasa:pds:mess_xrs_calibrated:data_cdr:xrscdr2011008_dat::1.0
P,urn:nasa:pds:mess_xrs_calibrated:data_cdr:xrscdr2011009_dat::1.0
P,urn:nasa:pds:mess_xrs_calibrated:data_cdr:xrscdr2011010_dat::1.0
P,urn:nasa:pds:mess_xrs_calibrated:data_cdr:xrscdr2011011_dat::1.0
P,urn:nasa:pds:mess_xrs_calibrated:data_cdr:xrscdr2011012_dat::1.0
P,urn:nasa:pds:mess_xrs_calibrated:data_cdr:xrscdr2011013_dat::1.0
P,urn:nasa:pds:mess_xrs_calibrated:data_cdr:xrscdr2011014_dat::1.0
P,urn:nasa:pds:mess_xrs_calibrated:data_cdr:xrscdr2011015_dat::1.0
P,urn:nasa:pds:mess_xrs_calibrated:data_cdr:xrscdr2011016_dat::1.0
P,urn:nasa:pds:mess_xrs_calibrated:data_cdr:xrscdr2011017_dat::1.0
P,urn:nasa:pds:mess_xrs_calibrated:data_cdr:xrscdr2011018_dat::1.0
P,urn:nasa:pds:mess_xrs_calibrated:data_cdr:xrscdr2011019_dat::1.0
P,urn:nasa:pds:mess_xrs_calibrated:data_cdr:xrscdr2011020_dat::1.0
P,urn:nasa:pds:mess_xrs_calibrated:data_cdr:xrscdr2011021_dat::1.0
P,urn:nasa:pds:mess_xrs_calibrated:data_cdr:xrscdr2011022_dat::1.0
P,urn:nasa:pds:mess_xrs_calibrated:data_cdr:xrscdr2011023_dat::1.0
P,urn:nasa:pds:mess_xrs_calibrated:data_cdr:xrscdr2011024_dat::1.0
P,urn:nasa:pds:mess_xrs_calibrated:data_cdr:xrscdr2011025_dat::1.0
P,urn:nasa:pds:mess_xrs_calibrated:data_cdr:xrscdr2011026_dat::1.0
P,urn:nasa:pds:mess_xrs_calibrated:data_cdr:xrscdr2011027_dat::1.0
P,urn:nasa:pds:mess_xrs_calibrated:data_cdr:xrscdr2011028_dat::1.0
P,urn:nasa:pds:mess_xrs_calibrated:data_cdr:xrscdr2011029_dat::1.0
P,urn:nasa:pds:mess_xrs_calibrated:data_cdr:xrscdr2011030_dat::1.0
P,urn:nasa:pds:mess_xrs_calibrated:data_cdr:xrscdr2011031_dat::1.0
P,urn:nasa:pds:mess_xrs_calibrated:data_cdr:xrscdr2011032_dat::1.0
P,urn:nasa:pds:mess_xrs_calibrated:data_cdr:xrscdr2011033_dat::1.0
P,urn:nasa:pds:mess_xrs_calibrated:data_cdr:xrscdr2011034_dat::1.0
P,urn:nasa:pds:mess_xrs_calibrated:data_cdr:xrscdr2011035_dat::1.0
P,urn:nasa:pds:mess_xrs_calibrated:data_cdr:xrscdr2011036_dat::1.0
P,urn:nasa:pds:mess_xrs_calibrated:data_cdr:xrscdr2011037_dat::1.0
P,urn:nasa:pds:mess_xrs_calibrated:data_cdr:xrscdr2011038_dat::1.0
P,urn:nasa:pds:mess_xrs_calibrated:data_cdr:xrscdr2011039_dat::1.0
P,urn:nasa:pds:mess_xrs_calibrated:data_cdr:xrscdr2011040_dat::1.0
P,urn:nasa:pds:mess_xrs_calibrated:data_cdr:xrscdr2011041_dat::1.0
P,urn:nasa:pds:mess_xrs_calibrated:data_cdr:xrscdr2011042_dat::1.0
P,urn:nasa:pds:mess_xrs_calibrated:data_cdr:xrscdr2011043_dat::1.0
P,urn:nasa:pds:mess_xrs_calibrated:data_cdr:xrscdr2011044_dat::1.0
P,urn:nasa:pds:mess_xrs_calibrated:data_cdr:xrscdr2011045_dat::1.0
P,urn:nasa:pds:mess_xrs_calibrated:data_cdr:xrscdr2011046_dat::1.0
P,urn:nasa:pds:mess_xrs_calibrated:data_cdr:xrscdr2011047_dat::1.0
P,urn:nasa:pds:mess_xrs_calibrated:data_cdr:xrscdr2011048_dat::1.0
P,urn:nasa:pds:mess_xrs_calibrated:data_cdr:xrscdr2011049_dat::1.0
P,urn:nasa:pds:mess_xrs_calibrated:data_cdr:xrscdr2011050_dat::1.0
P,urn:nasa:pds:mess_xrs_calibrated:data_cdr:xrscdr2011051_dat::1.0
P,urn:nasa:pds:mess_xrs_calibrated:data_cdr:xrscdr2011052_dat::1.0
P,urn:nasa:pds:mess_xrs_calibrated:data_cdr:xrscdr2011053_dat::1.0
P,urn:nasa:pds:mess_xrs_calibrated:data_cdr:xrscdr2011054_dat::1.0
P,urn:nasa:pds:mess_xrs_calibrated:data_cdr:xrscdr2011055_dat::1.0
P,urn:nasa:pds:mess_xrs_calibrated:data_cdr:xrscdr2011056_dat::1.0
P,urn:nasa:pds:mess_xrs_calibrated:data_cdr:xrscdr2011057_dat::1.0
P,urn:nasa:pds:mess_xrs_calibrated:data_cdr:xrscdr2011058_dat::1.0
P,urn:nasa:pds:mess_xrs_calibrated:data_cdr:xrscdr2011059_dat::1.0
P,urn:nasa:pds:mess_xrs_calibrated:data_cdr:xrscdr2011060_dat::1.0
P,urn:nasa:pds:mess_xrs_calibrated:data_cdr:xrscdr2011061_dat::1.0
P,urn:nasa:pds:mess_xrs_calibrated:data_cdr:xrscdr2011062_dat::1.0
P,urn:nasa:pds:mess_xrs_calibrated:data_cdr:xrscdr2011063_dat::1.0
P,urn:nasa:pds:mess_xrs_calibrated:data_cdr:xrscdr2011064_dat::1.0
P,urn:nasa:pds:mess_xrs_calibrated:data_cdr:xrscdr2011065_dat::1.0
P,urn:nasa:pds:mess_xrs_calibrated:data_cdr:xrscdr2011066_dat::1.0
P,urn:nasa:pds:mess_xrs_calibrated:data_cdr:xrscdr2011067_dat::1.0
P,urn:nasa:pds:mess_xrs_calibrated:data_cdr:xrscdr2011068_dat::1.0
P,urn:nasa:pds:mess_xrs_calibrated:data_cdr:xrscdr2011069_dat::1.0
P,urn:nasa:pds:mess_xrs_calibrated:data_cdr:xrscdr2011070_dat::1.0
P,urn:nasa:pds:mess_xrs_calibrated:data_cdr:xrscdr2011071_dat::1.0
P,urn:nasa:pds:mess_xrs_calibrated:data_cdr:xrscdr2011072_dat::1.0
P,urn:nasa:pds:mess_xrs_calibrated:data_cdr:xrscdr2011073_dat::1.0
P,urn:nasa:pds:mess_xrs_calibrated:data_cdr:xrscdr2011074_dat::1.0
P,urn:nasa:pds:mess_xrs_calibrated:data_cdr:xrscdr2011075_dat::1.0
P,urn:nasa:pds:mess_xrs_calibrated:data_cdr:xrscdr2011082_dat::1.0
P,urn:nasa:pds:mess_xrs_calibrated:data_cdr:xrscdr2011083_dat::1.0
P,urn:nasa:pds:mess_xrs_calibrated:data_cdr:xrscdr2011084_dat::1.0
P,urn:nasa:pds:mess_xrs_calibrated:data_cdr:xrscdr2011085_dat::1.0
P,urn:nasa:pds:mess_xrs_calibrated:data_cdr:xrscdr2011086_dat::1.0
P,urn:nasa:pds:mess_xrs_calibrated:data_cdr:xrscdr2011087_dat::1.0
P,urn:nasa:pds:mess_xrs_calibrated:data_cdr:xrscdr2011088_dat::1.0
P,urn:nasa:pds:mess_xrs_calibrated:data_cdr:xrscdr2011089_dat::1.0
P,urn:nasa:pds:mess_xrs_calibrated:data_cdr:xrscdr2011090_dat::1.0
P,urn:nasa:pds:mess_xrs_calibrated:data_cdr:xrscdr2011091_dat::1.0
P,urn:nasa:pds:mess_xrs_calibrated:data_cdr:xrscdr2011092_dat::1.0
P,urn:nasa:pds:mess_xrs_calibrated:data_cdr:xrscdr2011093_dat::1.0
P,urn:nasa:pds:mess_xrs_calibrated:data_cdr:xrscdr2011094_dat::1.0
P,urn:nasa:pds:mess_xrs_calibrated:data_cdr:xrscdr2011095_dat::1.0
P,urn:nasa:pds:mess_xrs_calibrated:data_cdr:xrscdr2011096_dat::1.0
P,urn:nasa:pds:mess_xrs_calibrated:data_cdr:xrscdr2011097_dat::1.0
P,urn:nasa:pds:mess_xrs_calibrated:data_cdr:xrscdr2011098_dat::1.0
P,urn:nasa:pds:mess_xrs_calibrated:data_cdr:xrscdr2011099_dat::1.0
P,urn:nasa:pds:mess_xrs_calibrated:data_cdr:xrscdr2011100_dat::1.0
P,urn:nasa:pds:mess_xrs_calibrated:data_cdr:xrscdr2011101_dat::1.0
P,urn:nasa:pds:mess_xrs_calibrated:data_cdr:xrscdr2011102_dat::1.0
P,urn:nasa:pds:mess_xrs_calibrated:data_cdr:xrscdr2011103_dat::1.0
P,urn:nasa:pds:mess_xrs_calibrated:data_cdr:xrscdr2011104_dat::1.0
P,urn:nasa:pds:mess_xrs_calibrated:data_cdr:xrscdr2011105_dat::1.0
P,urn:nasa:pds:mess_xrs_calibrated:data_cdr:xrscdr2011106_dat::1.0
P,urn:nasa:pds:mess_xrs_calibrated:data_cdr:xrscdr2011107_dat::1.0
P,urn:nasa:pds:mess_xrs_calibrated:data_cdr:xrscdr2011108_dat::1.0
P,urn:nasa:pds:mess_xrs_calibrated:data_cdr:xrscdr2011109_dat::1.0
P,urn:nasa:pds:mess_xrs_calibrated:data_cdr:xrscdr2011110_dat::1.0
P,urn:nasa:pds:mess_xrs_calibrated:data_cdr:xrscdr2011111_dat::1.0
P,urn:nasa:pds:mess_xrs_calibrated:data_cdr:xrscdr2011112_dat::1.0
P,urn:nasa:pds:mess_xrs_calibrated:data_cdr:xrscdr2011113_dat::1.0
P,urn:nasa:pds:mess_xrs_calibrated:data_cdr:xrscdr2011114_dat::1.0
P,urn:nasa:pds:mess_xrs_calibrated:data_cdr:xrscdr2011115_dat::1.0
P,urn:nasa:pds:mess_xrs_calibrated:data_cdr:xrscdr2011116_dat::1.0
P,urn:nasa:pds:mess_xrs_calibrated:data_cdr:xrscdr2011117_dat::1.0
P,urn:nasa:pds:mess_xrs_calibrated:data_cdr:xrscdr2011118_dat::1.0
P,urn:nasa:pds:mess_xrs_calibrated:data_cdr:xrscdr2011119_dat::1.0
P,urn:nasa:pds:mess_xrs_calibrated:data_cdr:xrscdr2011120_dat::1.0
P,urn:nasa:pds:mess_xrs_calibrated:data_cdr:xrscdr2011121_dat::1.0
P,urn:nasa:pds:mess_xrs_calibrated:data_cdr:xrscdr2011122_dat::1.0
P,urn:nasa:pds:mess_xrs_calibrated:data_cdr:xrscdr2011123_dat::1.0
P,urn:nasa:pds:mess_xrs_calibrated:data_cdr:xrscdr2011124_dat::1.0
P,urn:nasa:pds:mess_xrs_calibrated:data_cdr:xrscdr2011125_dat::1.0
P,urn:nasa:pds:mess_xrs_calibrated:data_cdr:xrscdr2011126_dat::1.0
P,urn:nasa:pds:mess_xrs_calibrated:data_cdr:xrscdr2011127_dat::1.0
P,urn:nasa:pds:mess_xrs_calibrated:data_cdr:xrscdr2011128_dat::1.0
P,urn:nasa:pds:mess_xrs_calibrated:data_cdr:xrscdr2011129_dat::1.0
P,urn:nasa:pds:mess_xrs_calibrated:data_cdr:xrscdr2011130_dat::1.0
P,urn:nasa:pds:mess_xrs_calibrated:data_cdr:xrscdr2011131_dat::1.0
P,urn:nasa:pds:mess_xrs_calibrated:data_cdr:xrscdr2011132_dat::1.0
P,urn:nasa:pds:mess_xrs_calibrated:data_cdr:xrscdr2011133_dat::1.0
P,urn:nasa:pds:mess_xrs_calibrated:data_cdr:xrscdr2011134_dat::1.0
P,urn:nasa:pds:mess_xrs_calibrated:data_cdr:xrscdr2011135_dat::1.0
P,urn:nasa:pds:mess_xrs_calibrated:data_cdr:xrscdr2011136_dat::1.0
P,urn:nasa:pds:mess_xrs_calibrated:data_cdr:xrscdr2011137_dat::1.0
P,urn:nasa:pds:mess_xrs_calibrated:data_cdr:xrscdr2011138_dat::1.0
P,urn:nasa:pds:mess_xrs_calibrated:data_cdr:xrscdr2011139_dat::1.0
P,urn:nasa:pds:mess_xrs_calibrated:data_cdr:xrscdr2011140_dat::1.0
P,urn:nasa:pds:mess_xrs_calibrated:data_cdr:xrscdr2011141_dat::1.0
P,urn:nasa:pds:mess_xrs_calibrated:data_cdr:xrscdr2011142_dat::1.0
P,urn:nasa:pds:mess_xrs_calibrated:data_cdr:xrscdr2011143_dat::1.0
P,urn:nasa:pds:mess_xrs_calibrated:data_cdr:xrscdr2011144_dat::1.0
P,urn:nasa:pds:mess_xrs_calibrated:data_cdr:xrscdr2011145_dat::1.0
P,urn:nasa:pds:mess_xrs_calibrated:data_cdr:xrscdr2011146_dat::1.0
P,urn:nasa:pds:mess_xrs_calibrated:data_cdr:xrscdr2011147_dat::1.0
P,urn:nasa:pds:mess_xrs_calibrated:data_cdr:xrscdr2011148_dat::1.0
P,urn:nasa:pds:mess_xrs_calibrated:data_cdr:xrscdr2011149_dat::1.0
P,urn:nasa:pds:mess_xrs_calibrated:data_cdr:xrscdr2011150_dat::1.0
P,urn:nasa:pds:mess_xrs_calibrated:data_cdr:xrscdr2011151_dat::1.0
P,urn:nasa:pds:mess_xrs_calibrated:data_cdr:xrscdr2011152_dat::1.0
P,urn:nasa:pds:mess_xrs_calibrated:data_cdr:xrscdr2011153_dat::1.0
P,urn:nasa:pds:mess_xrs_calibrated:data_cdr:xrscdr2011154_dat::1.0
P,urn:nasa:pds:mess_xrs_calibrated:data_cdr:xrscdr2011155_dat::1.0
P,urn:nasa:pds:mess_xrs_calibrated:data_cdr:xrscdr2011156_dat::1.0
P,urn:nasa:pds:mess_xrs_calibrated:data_cdr:xrscdr2011157_dat::1.0
P,urn:nasa:pds:mess_xrs_calibrated:data_cdr:xrscdr2011158_dat::1.0
P,urn:nasa:pds:mess_xrs_calibrated:data_cdr:xrscdr2011159_dat::1.0
P,urn:nasa:pds:mess_xrs_calibrated:data_cdr:xrscdr2011160_dat::1.0
P,urn:nasa:pds:mess_xrs_calibrated:data_cdr:xrscdr2011161_dat::1.0
P,urn:nasa:pds:mess_xrs_calibrated:data_cdr:xrscdr2011162_dat::1.0
P,urn:nasa:pds:mess_xrs_calibrated:data_cdr:xrscdr2011163_dat::1.0
P,urn:nasa:pds:mess_xrs_calibrated:data_cdr:xrscdr2011164_dat::1.0
P,urn:nasa:pds:mess_xrs_calibrated:data_cdr:xrscdr2011165_dat::1.0
P,urn:nasa:pds:mess_xrs_calibrated:data_cdr:xrscdr2011166_dat::1.0
P,urn:nasa:pds:mess_xrs_calibrated:data_cdr:xrscdr2011167_dat::1.0
P,urn:nasa:pds:mess_xrs_calibrated:data_cdr:xrscdr2011168_dat::1.0
P,urn:nasa:pds:mess_xrs_calibrated:data_cdr:xrscdr2011169_dat::1.0
P,urn:nasa:pds:mess_xrs_calibrated:data_cdr:xrscdr2011170_dat::1.0
P,urn:nasa:pds:mess_xrs_calibrated:data_cdr:xrscdr2011171_dat::1.0
P,urn:nasa:pds:mess_xrs_calibrated:data_cdr:xrscdr2011172_dat::1.0
P,urn:nasa:pds:mess_xrs_calibrated:data_cdr:xrscdr2011173_dat::1.0
P,urn:nasa:pds:mess_xrs_calibrated:data_cdr:xrscdr2011174_dat::1.0
P,urn:nasa:pds:mess_xrs_calibrated:data_cdr:xrscdr2011175_dat::1.0
P,urn:nasa:pds:mess_xrs_calibrated:data_cdr:xrscdr2011176_dat::1.0
P,urn:nasa:pds:mess_xrs_calibrated:data_cdr:xrscdr2011177_dat::1.0
P,urn:nasa:pds:mess_xrs_calibrated:data_cdr:xrscdr2011178_dat::1.0
P,urn:nasa:pds:mess_xrs_calibrated:data_cdr:xrscdr2011179_dat::1.0
P,urn:nasa:pds:mess_xrs_calibrated:data_cdr:xrscdr2011180_dat::1.0
P,urn:nasa:pds:mess_xrs_calibrated:data_cdr:xrscdr2011181_dat::1.0
P,urn:nasa:pds:mess_xrs_calibrated:data_cdr:xrscdr2011182_dat::1.0
P,urn:nasa:pds:mess_xrs_calibrated:data_cdr:xrscdr2011183_dat::1.0
P,urn:nasa:pds:mess_xrs_calibrated:data_cdr:xrscdr2011184_dat::1.0
P,urn:nasa:pds:mess_xrs_calibrated:data_cdr:xrscdr2011185_dat::1.0
P,urn:nasa:pds:mess_xrs_calibrated:data_cdr:xrscdr2011186_dat::1.0
P,urn:nasa:pds:mess_xrs_calibrated:data_cdr:xrscdr2011187_dat::1.0
P,urn:nasa:pds:mess_xrs_calibrated:data_cdr:xrscdr2011188_dat::1.0
P,urn:nasa:pds:mess_xrs_calibrated:data_cdr:xrscdr2011189_dat::1.0
P,urn:nasa:pds:mess_xrs_calibrated:data_cdr:xrscdr2011190_dat::1.0
P,urn:nasa:pds:mess_xrs_calibrated:data_cdr:xrscdr2011191_dat::1.0
P,urn:nasa:pds:mess_xrs_calibrated:data_cdr:xrscdr2011192_dat::1.0
P,urn:nasa:pds:mess_xrs_calibrated:data_cdr:xrscdr2011193_dat::1.0
P,urn:nasa:pds:mess_xrs_calibrated:data_cdr:xrscdr2011194_dat::1.0
P,urn:nasa:pds:mess_xrs_calibrated:data_cdr:xrscdr2011195_dat::1.0
P,urn:nasa:pds:mess_xrs_calibrated:data_cdr:xrscdr2011196_dat::1.0
P,urn:nasa:pds:mess_xrs_calibrated:data_cdr:xrscdr2011197_dat::1.0
P,urn:nasa:pds:mess_xrs_calibrated:data_cdr:xrscdr2011198_dat::1.0
P,urn:nasa:pds:mess_xrs_calibrated:data_cdr:xrscdr2011199_dat::1.0
P,urn:nasa:pds:mess_xrs_calibrated:data_cdr:xrscdr2011200_dat::1.0
P,urn:nasa:pds:mess_xrs_calibrated:data_cdr:xrscdr2011201_dat::1.0
P,urn:nasa:pds:mess_xrs_calibrated:data_cdr:xrscdr2011202_dat::1.0
P,urn:nasa:pds:mess_xrs_calibrated:data_cdr:xrscdr2011203_dat::1.0
P,urn:nasa:pds:mess_xrs_calibrated:data_cdr:xrscdr2011204_dat::1.0
P,urn:nasa:pds:mess_xrs_calibrated:data_cdr:xrscdr2011205_dat::1.0
P,urn:nasa:pds:mess_xrs_calibrated:data_cdr:xrscdr2011206_dat::1.0
P,urn:nasa:pds:mess_xrs_calibrated:data_cdr:xrscdr2011207_dat::1.0
P,urn:nasa:pds:mess_xrs_calibrated:data_cdr:xrscdr2011208_dat::1.0
P,urn:nasa:pds:mess_xrs_calibrated:data_cdr:xrscdr2011209_dat::1.0
P,urn:nasa:pds:mess_xrs_calibrated:data_cdr:xrscdr2011210_dat::1.0
P,urn:nasa:pds:mess_xrs_calibrated:data_cdr:xrscdr2011211_dat::1.0
P,urn:nasa:pds:mess_xrs_calibrated:data_cdr:xrscdr2011212_dat::1.0
P,urn:nasa:pds:mess_xrs_calibrated:data_cdr:xrscdr2011213_dat::1.0
P,urn:nasa:pds:mess_xrs_calibrated:data_cdr:xrscdr2011214_dat::1.0
P,urn:nasa:pds:mess_xrs_calibrated:data_cdr:xrscdr2011215_dat::1.0
P,urn:nasa:pds:mess_xrs_calibrated:data_cdr:xrscdr2011216_dat::1.0
P,urn:nasa:pds:mess_xrs_calibrated:data_cdr:xrscdr2011217_dat::1.0
P,urn:nasa:pds:mess_xrs_calibrated:data_cdr:xrscdr2011218_dat::1.0
P,urn:nasa:pds:mess_xrs_calibrated:data_cdr:xrscdr2011219_dat::1.0
P,urn:nasa:pds:mess_xrs_calibrated:data_cdr:xrscdr2011220_dat::1.0
P,urn:nasa:pds:mess_xrs_calibrated:data_cdr:xrscdr2011221_dat::1.0
P,urn:nasa:pds:mess_xrs_calibrated:data_cdr:xrscdr2011222_dat::1.0
P,urn:nasa:pds:mess_xrs_calibrated:data_cdr:xrscdr2011223_dat::1.0
P,urn:nasa:pds:mess_xrs_calibrated:data_cdr:xrscdr2011224_dat::1.0
P,urn:nasa:pds:mess_xrs_calibrated:data_cdr:xrscdr2011225_dat::1.0
P,urn:nasa:pds:mess_xrs_calibrated:data_cdr:xrscdr2011226_dat::1.0
P,urn:nasa:pds:mess_xrs_calibrated:data_cdr:xrscdr2011227_dat::1.0
P,urn:nasa:pds:mess_xrs_calibrated:data_cdr:xrscdr2011228_dat::1.0
P,urn:nasa:pds:mess_xrs_calibrated:data_cdr:xrscdr2011229_dat::1.0
P,urn:nasa:pds:mess_xrs_calibrated:data_cdr:xrscdr2011230_dat::1.0
P,urn:nasa:pds:mess_xrs_calibrated:data_cdr:xrscdr2011231_dat::1.0
P,urn:nasa:pds:mess_xrs_calibrated:data_cdr:xrscdr2011232_dat::1.0
P,urn:nasa:pds:mess_xrs_calibrated:data_cdr:xrscdr2011233_dat::1.0
P,urn:nasa:pds:mess_xrs_calibrated:data_cdr:xrscdr2011234_dat::1.0
P,urn:nasa:pds:mess_xrs_calibrated:data_cdr:xrscdr2011235_dat::1.0
P,urn:nasa:pds:mess_xrs_calibrated:data_cdr:xrscdr2011236_dat::1.0
P,urn:nasa:pds:mess_xrs_calibrated:data_cdr:xrscdr2011237_dat::1.0
P,urn:nasa:pds:mess_xrs_calibrated:data_cdr:xrscdr2011238_dat::1.0
P,urn:nasa:pds:mess_xrs_calibrated:data_cdr:xrscdr2011239_dat::1.0
P,urn:nasa:pds:mess_xrs_calibrated:data_cdr:xrscdr2011240_dat::1.0
P,urn:nasa:pds:mess_xrs_calibrated:data_cdr:xrscdr2011241_dat::1.0
P,urn:nasa:pds:mess_xrs_calibrated:data_cdr:xrscdr2011242_dat::1.0
P,urn:nasa:pds:mess_xrs_calibrated:data_cdr:xrscdr2011243_dat::1.0
P,urn:nasa:pds:mess_xrs_calibrated:data_cdr:xrscdr2011244_dat::1.0
P,urn:nasa:pds:mess_xrs_calibrated:data_cdr:xrscdr2011245_dat::1.0
P,urn:nasa:pds:mess_xrs_calibrated:data_cdr:xrscdr2011246_dat::1.0
P,urn:nasa:pds:mess_xrs_calibrated:data_cdr:xrscdr2011247_dat::1.0
P,urn:nasa:pds:mess_xrs_calibrated:data_cdr:xrscdr2011248_dat::1.0
P,urn:nasa:pds:mess_xrs_calibrated:data_cdr:xrscdr2011249_dat::1.0
P,urn:nasa:pds:mess_xrs_calibrated:data_cdr:xrscdr2011250_dat::1.0
P,urn:nasa:pds:mess_xrs_calibrated:data_cdr:xrscdr2011251_dat::1.0
P,urn:nasa:pds:mess_xrs_calibrated:data_cdr:xrscdr2011252_dat::1.0
P,urn:nasa:pds:mess_xrs_calibrated:data_cdr:xrscdr2011253_dat::1.0
P,urn:nasa:pds:mess_xrs_calibrated:data_cdr:xrscdr2011254_dat::1.0
P,urn:nasa:pds:mess_xrs_calibrated:data_cdr:xrscdr2011255_dat::1.0
P,urn:nasa:pds:mess_xrs_calibrated:data_cdr:xrscdr2011256_dat::1.0
P,urn:nasa:pds:mess_xrs_calibrated:data_cdr:xrscdr2011257_dat::1.0
P,urn:nasa:pds:mess_xrs_calibrated:data_cdr:xrscdr2011258_dat::1.0
P,urn:nasa:pds:mess_xrs_calibrated:data_cdr:xrscdr2011259_dat::1.0
P,urn:nasa:pds:mess_xrs_calibrated:data_cdr:xrscdr2011260_dat::1.0
P,urn:nasa:pds:mess_xrs_calibrated:data_cdr:xrscdr2011261_dat::1.0
P,urn:nasa:pds:mess_xrs_calibrated:data_cdr:xrscdr2011262_dat::1.0
P,urn:nasa:pds:mess_xrs_calibrated:data_cdr:xrscdr2011263_dat::1.0
P,urn:nasa:pds:mess_xrs_calibrated:data_cdr:xrscdr2011264_dat::1.0
P,urn:nasa:pds:mess_xrs_calibrated:data_cdr:xrscdr2011265_dat::1.0
P,urn:nasa:pds:mess_xrs_calibrated:data_cdr:xrscdr2011266_dat::1.0
P,urn:nasa:pds:mess_xrs_calibrated:data_cdr:xrscdr2011267_dat::1.0
P,urn:nasa:pds:mess_xrs_calibrated:data_cdr:xrscdr2011268_dat::1.0
P,urn:nasa:pds:mess_xrs_calibrated:data_cdr:xrscdr2011269_dat::1.0
P,urn:nasa:pds:mess_xrs_calibrated:data_cdr:xrscdr2011270_dat::1.0
P,urn:nasa:pds:mess_xrs_calibrated:data_cdr:xrscdr2011271_dat::1.0
P,urn:nasa:pds:mess_xrs_calibrated:data_cdr:xrscdr2011272_dat::1.0
P,urn:nasa:pds:mess_xrs_calibrated:data_cdr:xrscdr2011273_dat::1.0
P,urn:nasa:pds:mess_xrs_calibrated:data_cdr:xrscdr2011274_dat::1.0
P,urn:nasa:pds:mess_xrs_calibrated:data_cdr:xrscdr2011275_dat::1.0
P,urn:nasa:pds:mess_xrs_calibrated:data_cdr:xrscdr2011276_dat::1.0
P,urn:nasa:pds:mess_xrs_calibrated:data_cdr:xrscdr2011277_dat::1.0
P,urn:nasa:pds:mess_xrs_calibrated:data_cdr:xrscdr2011278_dat::1.0
P,urn:nasa:pds:mess_xrs_calibrated:data_cdr:xrscdr2011279_dat::1.0
P,urn:nasa:pds:mess_xrs_calibrated:data_cdr:xrscdr2011280_dat::1.0
P,urn:nasa:pds:mess_xrs_calibrated:data_cdr:xrscdr2011281_dat::1.0
P,urn:nasa:pds:mess_xrs_calibrated:data_cdr:xrscdr2011282_dat::1.0
P,urn:nasa:pds:mess_xrs_calibrated:data_cdr:xrscdr2011283_dat::1.0
P,urn:nasa:pds:mess_xrs_calibrated:data_cdr:xrscdr2011284_dat::1.0
P,urn:nasa:pds:mess_xrs_calibrated:data_cdr:xrscdr2011285_dat::1.0
P,urn:nasa:pds:mess_xrs_calibrated:data_cdr:xrscdr2011286_dat::1.0
P,urn:nasa:pds:mess_xrs_calibrated:data_cdr:xrscdr2011287_dat::1.0
P,urn:nasa:pds:mess_xrs_calibrated:data_cdr:xrscdr2011288_dat::1.0
P,urn:nasa:pds:mess_xrs_calibrated:data_cdr:xrscdr2011289_dat::1.0
P,urn:nasa:pds:mess_xrs_calibrated:data_cdr:xrscdr2011290_dat::1.0
P,urn:nasa:pds:mess_xrs_calibrated:data_cdr:xrscdr2011291_dat::1.0
P,urn:nasa:pds:mess_xrs_calibrated:data_cdr:xrscdr2011292_dat::1.0
P,urn:nasa:pds:mess_xrs_calibrated:data_cdr:xrscdr2011293_dat::1.0
P,urn:nasa:pds:mess_xrs_calibrated:data_cdr:xrscdr2011294_dat::1.0
P,urn:nasa:pds:mess_xrs_calibrated:data_cdr:xrscdr2011295_dat::1.0
P,urn:nasa:pds:mess_xrs_calibrated:data_cdr:xrscdr2011296_dat::1.0
P,urn:nasa:pds:mess_xrs_calibrated:data_cdr:xrscdr2011297_dat::1.0
P,urn:nasa:pds:mess_xrs_calibrated:data_cdr:xrscdr2011298_dat::1.0
P,urn:nasa:pds:mess_xrs_calibrated:data_cdr:xrscdr2011299_dat::1.0
P,urn:nasa:pds:mess_xrs_calibrated:data_cdr:xrscdr2011300_dat::1.0
P,urn:nasa:pds:mess_xrs_calibrated:data_cdr:xrscdr2011301_dat::1.0
P,urn:nasa:pds:mess_xrs_calibrated:data_cdr:xrscdr2011302_dat::1.0
P,urn:nasa:pds:mess_xrs_calibrated:data_cdr:xrscdr2011303_dat::1.0
P,urn:nasa:pds:mess_xrs_calibrated:data_cdr:xrscdr2011304_dat::1.0
P,urn:nasa:pds:mess_xrs_calibrated:data_cdr:xrscdr2011305_dat::1.0
P,urn:nasa:pds:mess_xrs_calibrated:data_cdr:xrscdr2011306_dat::1.0
P,urn:nasa:pds:mess_xrs_calibrated:data_cdr:xrscdr2011307_dat::1.0
P,urn:nasa:pds:mess_xrs_calibrated:data_cdr:xrscdr2011308_dat::1.0
P,urn:nasa:pds:mess_xrs_calibrated:data_cdr:xrscdr2011309_dat::1.0
P,urn:nasa:pds:mess_xrs_calibrated:data_cdr:xrscdr2011310_dat::1.0
P,urn:nasa:pds:mess_xrs_calibrated:data_cdr:xrscdr2011311_dat::1.0
P,urn:nasa:pds:mess_xrs_calibrated:data_cdr:xrscdr2011312_dat::1.0
P,urn:nasa:pds:mess_xrs_calibrated:data_cdr:xrscdr2011313_dat::1.0
P,urn:nasa:pds:mess_xrs_calibrated:data_cdr:xrscdr2011314_dat::1.0
P,urn:nasa:pds:mess_xrs_calibrated:data_cdr:xrscdr2011315_dat::1.0
P,urn:nasa:pds:mess_xrs_calibrated:data_cdr:xrscdr2011316_dat::1.0
P,urn:nasa:pds:mess_xrs_calibrated:data_cdr:xrscdr2011317_dat::1.0
P,urn:nasa:pds:mess_xrs_calibrated:data_cdr:xrscdr2011318_dat::1.0
P,urn:nasa:pds:mess_xrs_calibrated:data_cdr:xrscdr2011319_dat::1.0
P,urn:nasa:pds:mess_xrs_calibrated:data_cdr:xrscdr2011320_dat::1.0
P,urn:nasa:pds:mess_xrs_calibrated:data_cdr:xrscdr2011321_dat::1.0
P,urn:nasa:pds:mess_xrs_calibrated:data_cdr:xrscdr2011322_dat::1.0
P,urn:nasa:pds:mess_xrs_calibrated:data_cdr:xrscdr2011323_dat::1.0
P,urn:nasa:pds:mess_xrs_calibrated:data_cdr:xrscdr2011324_dat::1.0
P,urn:nasa:pds:mess_xrs_calibrated:data_cdr:xrscdr2011325_dat::1.0
P,urn:nasa:pds:mess_xrs_calibrated:data_cdr:xrscdr2011326_dat::1.0
P,urn:nasa:pds:mess_xrs_calibrated:data_cdr:xrscdr2011327_dat::1.0
P,urn:nasa:pds:mess_xrs_calibrated:data_cdr:xrscdr2011328_dat::1.0
P,urn:nasa:pds:mess_xrs_calibrated:data_cdr:xrscdr2011329_dat::1.0
P,urn:nasa:pds:mess_xrs_calibrated:data_cdr:xrscdr2011330_dat::1.0
P,urn:nasa:pds:mess_xrs_calibrated:data_cdr:xrscdr2011331_dat::1.0
P,urn:nasa:pds:mess_xrs_calibrated:data_cdr:xrscdr2011332_dat::1.0
P,urn:nasa:pds:mess_xrs_calibrated:data_cdr:xrscdr2011333_dat::1.0
P,urn:nasa:pds:mess_xrs_calibrated:data_cdr:xrscdr2011334_dat::1.0
P,urn:nasa:pds:mess_xrs_calibrated:data_cdr:xrscdr2011335_dat::1.0
P,urn:nasa:pds:mess_xrs_calibrated:data_cdr:xrscdr2011336_dat::1.0
P,urn:nasa:pds:mess_xrs_calibrated:data_cdr:xrscdr2011337_dat::1.0
P,urn:nasa:pds:mess_xrs_calibrated:data_cdr:xrscdr2011338_dat::1.0
P,urn:nasa:pds:mess_xrs_calibrated:data_cdr:xrscdr2011339_dat::1.0
P,urn:nasa:pds:mess_xrs_calibrated:data_cdr:xrscdr2011340_dat::1.0
P,urn:nasa:pds:mess_xrs_calibrated:data_cdr:xrscdr2011341_dat::1.0
P,urn:nasa:pds:mess_xrs_calibrated:data_cdr:xrscdr2011342_dat::1.0
P,urn:nasa:pds:mess_xrs_calibrated:data_cdr:xrscdr2011343_dat::1.0
P,urn:nasa:pds:mess_xrs_calibrated:data_cdr:xrscdr2011344_dat::1.0
P,urn:nasa:pds:mess_xrs_calibrated:data_cdr:xrscdr2011345_dat::1.0
P,urn:nasa:pds:mess_xrs_calibrated:data_cdr:xrscdr2011346_dat::1.0
P,urn:nasa:pds:mess_xrs_calibrated:data_cdr:xrscdr2011347_dat::1.0
P,urn:nasa:pds:mess_xrs_calibrated:data_cdr:xrscdr2011348_dat::1.0
P,urn:nasa:pds:mess_xrs_calibrated:data_cdr:xrscdr2011349_dat::1.0
P,urn:nasa:pds:mess_xrs_calibrated:data_cdr:xrscdr2011350_dat::1.0
P,urn:nasa:pds:mess_xrs_calibrated:data_cdr:xrscdr2011351_dat::1.0
P,urn:nasa:pds:mess_xrs_calibrated:data_cdr:xrscdr2011352_dat::1.0
P,urn:nasa:pds:mess_xrs_calibrated:data_cdr:xrscdr2011353_dat::1.0
P,urn:nasa:pds:mess_xrs_calibrated:data_cdr:xrscdr2011354_dat::1.0
P,urn:nasa:pds:mess_xrs_calibrated:data_cdr:xrscdr2011355_dat::1.0
P,urn:nasa:pds:mess_xrs_calibrated:data_cdr:xrscdr2011356_dat::1.0
P,urn:nasa:pds:mess_xrs_calibrated:data_cdr:xrscdr2011357_dat::1.0
P,urn:nasa:pds:mess_xrs_calibrated:data_cdr:xrscdr2011358_dat::1.0
P,urn:nasa:pds:mess_xrs_calibrated:data_cdr:xrscdr2011359_dat::1.0
P,urn:nasa:pds:mess_xrs_calibrated:data_cdr:xrscdr2011360_dat::1.0
P,urn:nasa:pds:mess_xrs_calibrated:data_cdr:xrscdr2011361_dat::1.0
P,urn:nasa:pds:mess_xrs_calibrated:data_cdr:xrscdr2011362_dat::1.0
P,urn:nasa:pds:mess_xrs_calibrated:data_cdr:xrscdr2011363_dat::1.0
P,urn:nasa:pds:mess_xrs_calibrated:data_cdr:xrscdr2011364_dat::1.0
P,urn:nasa:pds:mess_xrs_calibrated:data_cdr:xrscdr2011365_dat::1.0
P,urn:nasa:pds:mess_xrs_calibrated:data_cdr:xrscdr2012001_dat::1.0
P,urn:nasa:pds:mess_xrs_calibrated:data_cdr:xrscdr2012002_dat::1.0
P,urn:nasa:pds:mess_xrs_calibrated:data_cdr:xrscdr2012003_dat::1.0
P,urn:nasa:pds:mess_xrs_calibrated:data_cdr:xrscdr2012004_dat::1.0
P,urn:nasa:pds:mess_xrs_calibrated:data_cdr:xrscdr2012005_dat::1.0
P,urn:nasa:pds:mess_xrs_calibrated:data_cdr:xrscdr2012006_dat::1.0
P,urn:nasa:pds:mess_xrs_calibrated:data_cdr:xrscdr2012007_dat::1.0
P,urn:nasa:pds:mess_xrs_calibrated:data_cdr:xrscdr2012008_dat::1.0
P,urn:nasa:pds:mess_xrs_calibrated:data_cdr:xrscdr2012009_dat::1.0
P,urn:nasa:pds:mess_xrs_calibrated:data_cdr:xrscdr2012010_dat::1.0
P,urn:nasa:pds:mess_xrs_calibrated:data_cdr:xrscdr2012011_dat::1.0
P,urn:nasa:pds:mess_xrs_calibrated:data_cdr:xrscdr2012012_dat::1.0
P,urn:nasa:pds:mess_xrs_calibrated:data_cdr:xrscdr2012013_dat::1.0
P,urn:nasa:pds:mess_xrs_calibrated:data_cdr:xrscdr2012014_dat::1.0
P,urn:nasa:pds:mess_xrs_calibrated:data_cdr:xrscdr2012015_dat::1.0
P,urn:nasa:pds:mess_xrs_calibrated:data_cdr:xrscdr2012016_dat::1.0
P,urn:nasa:pds:mess_xrs_calibrated:data_cdr:xrscdr2012017_dat::1.0
P,urn:nasa:pds:mess_xrs_calibrated:data_cdr:xrscdr2012018_dat::1.0
P,urn:nasa:pds:mess_xrs_calibrated:data_cdr:xrscdr2012019_dat::1.0
P,urn:nasa:pds:mess_xrs_calibrated:data_cdr:xrscdr2012020_dat::1.0
P,urn:nasa:pds:mess_xrs_calibrated:data_cdr:xrscdr2012021_dat::1.0
P,urn:nasa:pds:mess_xrs_calibrated:data_cdr:xrscdr2012022_dat::1.0
P,urn:nasa:pds:mess_xrs_calibrated:data_cdr:xrscdr2012023_dat::1.0
P,urn:nasa:pds:mess_xrs_calibrated:data_cdr:xrscdr2012024_dat::1.0
P,urn:nasa:pds:mess_xrs_calibrated:data_cdr:xrscdr2012025_dat::1.0
P,urn:nasa:pds:mess_xrs_calibrated:data_cdr:xrscdr2012026_dat::1.0
P,urn:nasa:pds:mess_xrs_calibrated:data_cdr:xrscdr2012027_dat::1.0
P,urn:nasa:pds:mess_xrs_calibrated:data_cdr:xrscdr2012028_dat::1.0
P,urn:nasa:pds:mess_xrs_calibrated:data_cdr:xrscdr2012029_dat::1.0
P,urn:nasa:pds:mess_xrs_calibrated:data_cdr:xrscdr2012030_dat::1.0
P,urn:nasa:pds:mess_xrs_calibrated:data_cdr:xrscdr2012031_dat::1.0
P,urn:nasa:pds:mess_xrs_calibrated:data_cdr:xrscdr2012032_dat::1.0
P,urn:nasa:pds:mess_xrs_calibrated:data_cdr:xrscdr2012033_dat::1.0
P,urn:nasa:pds:mess_xrs_calibrated:data_cdr:xrscdr2012034_dat::1.0
P,urn:nasa:pds:mess_xrs_calibrated:data_cdr:xrscdr2012035_dat::1.0
P,urn:nasa:pds:mess_xrs_calibrated:data_cdr:xrscdr2012036_dat::1.0
P,urn:nasa:pds:mess_xrs_calibrated:data_cdr:xrscdr2012037_dat::1.0
P,urn:nasa:pds:mess_xrs_calibrated:data_cdr:xrscdr2012038_dat::1.0
P,urn:nasa:pds:mess_xrs_calibrated:data_cdr:xrscdr2012039_dat::1.0
P,urn:nasa:pds:mess_xrs_calibrated:data_cdr:xrscdr2012040_dat::1.0
P,urn:nasa:pds:mess_xrs_calibrated:data_cdr:xrscdr2012041_dat::1.0
P,urn:nasa:pds:mess_xrs_calibrated:data_cdr:xrscdr2012042_dat::1.0
P,urn:nasa:pds:mess_xrs_calibrated:data_cdr:xrscdr2012043_dat::1.0
P,urn:nasa:pds:mess_xrs_calibrated:data_cdr:xrscdr2012044_dat::1.0
P,urn:nasa:pds:mess_xrs_calibrated:data_cdr:xrscdr2012045_dat::1.0
P,urn:nasa:pds:mess_xrs_calibrated:data_cdr:xrscdr2012046_dat::1.0
P,urn:nasa:pds:mess_xrs_calibrated:data_cdr:xrscdr2012047_dat::1.0
P,urn:nasa:pds:mess_xrs_calibrated:data_cdr:xrscdr2012048_dat::1.0
P,urn:nasa:pds:mess_xrs_calibrated:data_cdr:xrscdr2012049_dat::1.0
P,urn:nasa:pds:mess_xrs_calibrated:data_cdr:xrscdr2012050_dat::1.0
P,urn:nasa:pds:mess_xrs_calibrated:data_cdr:xrscdr2012051_dat::1.0
P,urn:nasa:pds:mess_xrs_calibrated:data_cdr:xrscdr2012052_dat::1.0
P,urn:nasa:pds:mess_xrs_calibrated:data_cdr:xrscdr2012053_dat::1.0
P,urn:nasa:pds:mess_xrs_calibrated:data_cdr:xrscdr2012054_dat::1.0
P,urn:nasa:pds:mess_xrs_calibrated:data_cdr:xrscdr2012055_dat::1.0
P,urn:nasa:pds:mess_xrs_calibrated:data_cdr:xrscdr2012056_dat::1.0
P,urn:nasa:pds:mess_xrs_calibrated:data_cdr:xrscdr2012057_dat::1.0
P,urn:nasa:pds:mess_xrs_calibrated:data_cdr:xrscdr2012058_dat::1.0
P,urn:nasa:pds:mess_xrs_calibrated:data_cdr:xrscdr2012059_dat::1.0
P,urn:nasa:pds:mess_xrs_calibrated:data_cdr:xrscdr2012060_dat::1.0
P,urn:nasa:pds:mess_xrs_calibrated:data_cdr:xrscdr2012061_dat::1.0
P,urn:nasa:pds:mess_xrs_calibrated:data_cdr:xrscdr2012062_dat::1.0
P,urn:nasa:pds:mess_xrs_calibrated:data_cdr:xrscdr2012063_dat::1.0
P,urn:nasa:pds:mess_xrs_calibrated:data_cdr:xrscdr2012064_dat::1.0
P,urn:nasa:pds:mess_xrs_calibrated:data_cdr:xrscdr2012065_dat::1.0
P,urn:nasa:pds:mess_xrs_calibrated:data_cdr:xrscdr2012066_dat::1.0
P,urn:nasa:pds:mess_xrs_calibrated:data_cdr:xrscdr2012067_dat::1.0
P,urn:nasa:pds:mess_xrs_calibrated:data_cdr:xrscdr2012072_dat::1.0
P,urn:nasa:pds:mess_xrs_calibrated:data_cdr:xrscdr2012073_dat::1.0
P,urn:nasa:pds:mess_xrs_calibrated:data_cdr:xrscdr2012074_dat::1.0
P,urn:nasa:pds:mess_xrs_calibrated:data_cdr:xrscdr2012075_dat::1.0
P,urn:nasa:pds:mess_xrs_calibrated:data_cdr:xrscdr2012076_dat::1.0
P,urn:nasa:pds:mess_xrs_calibrated:data_cdr:xrscdr2012077_dat::1.0
P,urn:nasa:pds:mess_xrs_calibrated:data_cdr:xrscdr2012078_dat::1.0
P,urn:nasa:pds:mess_xrs_calibrated:data_cdr:xrscdr2012079_dat::1.0
P,urn:nasa:pds:mess_xrs_calibrated:data_cdr:xrscdr2012080_dat::1.0
P,urn:nasa:pds:mess_xrs_calibrated:data_cdr:xrscdr2012081_dat::1.0
P,urn:nasa:pds:mess_xrs_calibrated:data_cdr:xrscdr2012082_dat::1.0
P,urn:nasa:pds:mess_xrs_calibrated:data_cdr:xrscdr2012083_dat::1.0
P,urn:nasa:pds:mess_xrs_calibrated:data_cdr:xrscdr2012084_dat::1.0
P,urn:nasa:pds:mess_xrs_calibrated:data_cdr:xrscdr2012085_dat::1.0
P,urn:nasa:pds:mess_xrs_calibrated:data_cdr:xrscdr2012086_dat::1.0
P,urn:nasa:pds:mess_xrs_calibrated:data_cdr:xrscdr2012087_dat::1.0
P,urn:nasa:pds:mess_xrs_calibrated:data_cdr:xrscdr2012088_dat::1.0
P,urn:nasa:pds:mess_xrs_calibrated:data_cdr:xrscdr2012089_dat::1.0
P,urn:nasa:pds:mess_xrs_calibrated:data_cdr:xrscdr2012090_dat::1.0
P,urn:nasa:pds:mess_xrs_calibrated:data_cdr:xrscdr2012091_dat::1.0
P,urn:nasa:pds:mess_xrs_calibrated:data_cdr:xrscdr2012092_dat::1.0
P,urn:nasa:pds:mess_xrs_calibrated:data_cdr:xrscdr2012093_dat::1.0
P,urn:nasa:pds:mess_xrs_calibrated:data_cdr:xrscdr2012094_dat::1.0
P,urn:nasa:pds:mess_xrs_calibrated:data_cdr:xrscdr2012095_dat::1.0
P,urn:nasa:pds:mess_xrs_calibrated:data_cdr:xrscdr2012096_dat::1.0
P,urn:nasa:pds:mess_xrs_calibrated:data_cdr:xrscdr2012097_dat::1.0
P,urn:nasa:pds:mess_xrs_calibrated:data_cdr:xrscdr2012098_dat::1.0
P,urn:nasa:pds:mess_xrs_calibrated:data_cdr:xrscdr2012099_dat::1.0
P,urn:nasa:pds:mess_xrs_calibrated:data_cdr:xrscdr2012100_dat::1.0
P,urn:nasa:pds:mess_xrs_calibrated:data_cdr:xrscdr2012101_dat::1.0
P,urn:nasa:pds:mess_xrs_calibrated:data_cdr:xrscdr2012102_dat::1.0
P,urn:nasa:pds:mess_xrs_calibrated:data_cdr:xrscdr2012103_dat::1.0
P,urn:nasa:pds:mess_xrs_calibrated:data_cdr:xrscdr2012104_dat::1.0
P,urn:nasa:pds:mess_xrs_calibrated:data_cdr:xrscdr2012105_dat::1.0
P,urn:nasa:pds:mess_xrs_calibrated:data_cdr:xrscdr2012106_dat::1.0
P,urn:nasa:pds:mess_xrs_calibrated:data_cdr:xrscdr2012107_dat::1.0
P,urn:nasa:pds:mess_xrs_calibrated:data_cdr:xrscdr2012112_dat::1.0
P,urn:nasa:pds:mess_xrs_calibrated:data_cdr:xrscdr2012113_dat::1.0
P,urn:nasa:pds:mess_xrs_calibrated:data_cdr:xrscdr2012114_dat::1.0
P,urn:nasa:pds:mess_xrs_calibrated:data_cdr:xrscdr2012115_dat::1.0
P,urn:nasa:pds:mess_xrs_calibrated:data_cdr:xrscdr2012116_dat::1.0
P,urn:nasa:pds:mess_xrs_calibrated:data_cdr:xrscdr2012117_dat::1.0
P,urn:nasa:pds:mess_xrs_calibrated:data_cdr:xrscdr2012118_dat::1.0
P,urn:nasa:pds:mess_xrs_calibrated:data_cdr:xrscdr2012119_dat::1.0
P,urn:nasa:pds:mess_xrs_calibrated:data_cdr:xrscdr2012120_dat::1.0
P,urn:nasa:pds:mess_xrs_calibrated:data_cdr:xrscdr2012121_dat::1.0
P,urn:nasa:pds:mess_xrs_calibrated:data_cdr:xrscdr2012122_dat::1.0
P,urn:nasa:pds:mess_xrs_calibrated:data_cdr:xrscdr2012123_dat::1.0
P,urn:nasa:pds:mess_xrs_calibrated:data_cdr:xrscdr2012124_dat::1.0
P,urn:nasa:pds:mess_xrs_calibrated:data_cdr:xrscdr2012125_dat::1.0
P,urn:nasa:pds:mess_xrs_calibrated:data_cdr:xrscdr2012126_dat::1.0
P,urn:nasa:pds:mess_xrs_calibrated:data_cdr:xrscdr2012127_dat::1.0
P,urn:nasa:pds:mess_xrs_calibrated:data_cdr:xrscdr2012128_dat::1.0
P,urn:nasa:pds:mess_xrs_calibrated:data_cdr:xrscdr2012129_dat::1.0
P,urn:nasa:pds:mess_xrs_calibrated:data_cdr:xrscdr2012130_dat::1.0
P,urn:nasa:pds:mess_xrs_calibrated:data_cdr:xrscdr2012131_dat::1.0
P,urn:nasa:pds:mess_xrs_calibrated:data_cdr:xrscdr2012132_dat::1.0
P,urn:nasa:pds:mess_xrs_calibrated:data_cdr:xrscdr2012133_dat::1.0
P,urn:nasa:pds:mess_xrs_calibrated:data_cdr:xrscdr2012134_dat::1.0
P,urn:nasa:pds:mess_xrs_calibrated:data_cdr:xrscdr2012135_dat::1.0
P,urn:nasa:pds:mess_xrs_calibrated:data_cdr:xrscdr2012136_dat::1.0
P,urn:nasa:pds:mess_xrs_calibrated:data_cdr:xrscdr2012137_dat::1.0
P,urn:nasa:pds:mess_xrs_calibrated:data_cdr:xrscdr2012138_dat::1.0
P,urn:nasa:pds:mess_xrs_calibrated:data_cdr:xrscdr2012139_dat::1.0
P,urn:nasa:pds:mess_xrs_calibrated:data_cdr:xrscdr2012140_dat::1.0
P,urn:nasa:pds:mess_xrs_calibrated:data_cdr:xrscdr2012141_dat::1.0
P,urn:nasa:pds:mess_xrs_calibrated:data_cdr:xrscdr2012142_dat::1.0
P,urn:nasa:pds:mess_xrs_calibrated:data_cdr:xrscdr2012143_dat::1.0
P,urn:nasa:pds:mess_xrs_calibrated:data_cdr:xrscdr2012144_dat::1.0
P,urn:nasa:pds:mess_xrs_calibrated:data_cdr:xrscdr2012145_dat::1.0
P,urn:nasa:pds:mess_xrs_calibrated:data_cdr:xrscdr2012146_dat::1.0
P,urn:nasa:pds:mess_xrs_calibrated:data_cdr:xrscdr2012147_dat::1.0
P,urn:nasa:pds:mess_xrs_calibrated:data_cdr:xrscdr2012148_dat::1.0
P,urn:nasa:pds:mess_xrs_calibrated:data_cdr:xrscdr2012149_dat::1.0
P,urn:nasa:pds:mess_xrs_calibrated:data_cdr:xrscdr2012150_dat::1.0
P,urn:nasa:pds:mess_xrs_calibrated:data_cdr:xrscdr2012151_dat::1.0
P,urn:nasa:pds:mess_xrs_calibrated:data_cdr:xrscdr2012152_dat::1.0
P,urn:nasa:pds:mess_xrs_calibrated:data_cdr:xrscdr2012153_dat::1.0
P,urn:nasa:pds:mess_xrs_calibrated:data_cdr:xrscdr2012154_dat::1.0
P,urn:nasa:pds:mess_xrs_calibrated:data_cdr:xrscdr2012155_dat::1.0
P,urn:nasa:pds:mess_xrs_calibrated:data_cdr:xrscdr2012156_dat::1.0
P,urn:nasa:pds:mess_xrs_calibrated:data_cdr:xrscdr2012157_dat::1.0
P,urn:nasa:pds:mess_xrs_calibrated:data_cdr:xrscdr2012158_dat::1.0
P,urn:nasa:pds:mess_xrs_calibrated:data_cdr:xrscdr2012159_dat::1.0
P,urn:nasa:pds:mess_xrs_calibrated:data_cdr:xrscdr2012160_dat::1.0
P,urn:nasa:pds:mess_xrs_calibrated:data_cdr:xrscdr2012161_dat::1.0
P,urn:nasa:pds:mess_xrs_calibrated:data_cdr:xrscdr2012162_dat::1.0
P,urn:nasa:pds:mess_xrs_calibrated:data_cdr:xrscdr2012163_dat::1.0
P,urn:nasa:pds:mess_xrs_calibrated:data_cdr:xrscdr2012164_dat::1.0
P,urn:nasa:pds:mess_xrs_calibrated:data_cdr:xrscdr2012165_dat::1.0
P,urn:nasa:pds:mess_xrs_calibrated:data_cdr:xrscdr2012166_dat::1.0
P,urn:nasa:pds:mess_xrs_calibrated:data_cdr:xrscdr2012167_dat::1.0
P,urn:nasa:pds:mess_xrs_calibrated:data_cdr:xrscdr2012168_dat::1.0
P,urn:nasa:pds:mess_xrs_calibrated:data_cdr:xrscdr2012169_dat::1.0
P,urn:nasa:pds:mess_xrs_calibrated:data_cdr:xrscdr2012170_dat::1.0
P,urn:nasa:pds:mess_xrs_calibrated:data_cdr:xrscdr2012171_dat::1.0
P,urn:nasa:pds:mess_xrs_calibrated:data_cdr:xrscdr2012172_dat::1.0
P,urn:nasa:pds:mess_xrs_calibrated:data_cdr:xrscdr2012173_dat::1.0
P,urn:nasa:pds:mess_xrs_calibrated:data_cdr:xrscdr2012174_dat::1.0
P,urn:nasa:pds:mess_xrs_calibrated:data_cdr:xrscdr2012175_dat::1.0
P,urn:nasa:pds:mess_xrs_calibrated:data_cdr:xrscdr2012176_dat::1.0
P,urn:nasa:pds:mess_xrs_calibrated:data_cdr:xrscdr2012177_dat::1.0
P,urn:nasa:pds:mess_xrs_calibrated:data_cdr:xrscdr2012178_dat::1.0
P,urn:nasa:pds:mess_xrs_calibrated:data_cdr:xrscdr2012179_dat::1.0
P,urn:nasa:pds:mess_xrs_calibrated:data_cdr:xrscdr2012180_dat::1.0
P,urn:nasa:pds:mess_xrs_calibrated:data_cdr:xrscdr2012181_dat::1.0
P,urn:nasa:pds:mess_xrs_calibrated:data_cdr:xrscdr2012182_dat::1.0
P,urn:nasa:pds:mess_xrs_calibrated:data_cdr:xrscdr2012183_dat::1.0
P,urn:nasa:pds:mess_xrs_calibrated:data_cdr:xrscdr2012184_dat::1.0
P,urn:nasa:pds:mess_xrs_calibrated:data_cdr:xrscdr2012185_dat::1.0
P,urn:nasa:pds:mess_xrs_calibrated:data_cdr:xrscdr2012186_dat::1.0
P,urn:nasa:pds:mess_xrs_calibrated:data_cdr:xrscdr2012187_dat::1.0
P,urn:nasa:pds:mess_xrs_calibrated:data_cdr:xrscdr2012188_dat::1.0
P,urn:nasa:pds:mess_xrs_calibrated:data_cdr:xrscdr2012189_dat::1.0
P,urn:nasa:pds:mess_xrs_calibrated:data_cdr:xrscdr2012190_dat::1.0
P,urn:nasa:pds:mess_xrs_calibrated:data_cdr:xrscdr2012191_dat::1.0
P,urn:nasa:pds:mess_xrs_calibrated:data_cdr:xrscdr2012192_dat::1.0
P,urn:nasa:pds:mess_xrs_calibrated:data_cdr:xrscdr2012193_dat::1.0
P,urn:nasa:pds:mess_xrs_calibrated:data_cdr:xrscdr2012194_dat::1.0
P,urn:nasa:pds:mess_xrs_calibrated:data_cdr:xrscdr2012195_dat::1.0
P,urn:nasa:pds:mess_xrs_calibrated:data_cdr:xrscdr2012196_dat::1.0
P,urn:nasa:pds:mess_xrs_calibrated:data_cdr:xrscdr2012197_dat::1.0
P,urn:nasa:pds:mess_xrs_calibrated:data_cdr:xrscdr2012198_dat::1.0
P,urn:nasa:pds:mess_xrs_calibrated:data_cdr:xrscdr2012199_dat::1.0
P,urn:nasa:pds:mess_xrs_calibrated:data_cdr:xrscdr2012200_dat::1.0
P,urn:nasa:pds:mess_xrs_calibrated:data_cdr:xrscdr2012201_dat::1.0
P,urn:nasa:pds:mess_xrs_calibrated:data_cdr:xrscdr2012202_dat::1.0
P,urn:nasa:pds:mess_xrs_calibrated:data_cdr:xrscdr2012203_dat::1.0
P,urn:nasa:pds:mess_xrs_calibrated:data_cdr:xrscdr2012204_dat::1.0
P,urn:nasa:pds:mess_xrs_calibrated:data_cdr:xrscdr2012205_dat::1.0
P,urn:nasa:pds:mess_xrs_calibrated:data_cdr:xrscdr2012206_dat::1.0
P,urn:nasa:pds:mess_xrs_calibrated:data_cdr:xrscdr2012207_dat::1.0
P,urn:nasa:pds:mess_xrs_calibrated:data_cdr:xrscdr2012208_dat::1.0
P,urn:nasa:pds:mess_xrs_calibrated:data_cdr:xrscdr2012209_dat::1.0
P,urn:nasa:pds:mess_xrs_calibrated:data_cdr:xrscdr2012210_dat::1.0
P,urn:nasa:pds:mess_xrs_calibrated:data_cdr:xrscdr2012211_dat::1.0
P,urn:nasa:pds:mess_xrs_calibrated:data_cdr:xrscdr2012212_dat::1.0
P,urn:nasa:pds:mess_xrs_calibrated:data_cdr:xrscdr2012213_dat::1.0
P,urn:nasa:pds:mess_xrs_calibrated:data_cdr:xrscdr2012214_dat::1.0
P,urn:nasa:pds:mess_xrs_calibrated:data_cdr:xrscdr2012215_dat::1.0
P,urn:nasa:pds:mess_xrs_calibrated:data_cdr:xrscdr2012216_dat::1.0
P,urn:nasa:pds:mess_xrs_calibrated:data_cdr:xrscdr2012217_dat::1.0
P,urn:nasa:pds:mess_xrs_calibrated:data_cdr:xrscdr2012218_dat::1.0
P,urn:nasa:pds:mess_xrs_calibrated:data_cdr:xrscdr2012219_dat::1.0
P,urn:nasa:pds:mess_xrs_calibrated:data_cdr:xrscdr2012220_dat::1.0
P,urn:nasa:pds:mess_xrs_calibrated:data_cdr:xrscdr2012221_dat::1.0
P,urn:nasa:pds:mess_xrs_calibrated:data_cdr:xrscdr2012222_dat::1.0
P,urn:nasa:pds:mess_xrs_calibrated:data_cdr:xrscdr2012223_dat::1.0
P,urn:nasa:pds:mess_xrs_calibrated:data_cdr:xrscdr2012224_dat::1.0
P,urn:nasa:pds:mess_xrs_calibrated:data_cdr:xrscdr2012225_dat::1.0
P,urn:nasa:pds:mess_xrs_calibrated:data_cdr:xrscdr2012226_dat::1.0
P,urn:nasa:pds:mess_xrs_calibrated:data_cdr:xrscdr2012227_dat::1.0
P,urn:nasa:pds:mess_xrs_calibrated:data_cdr:xrscdr2012228_dat::1.0
P,urn:nasa:pds:mess_xrs_calibrated:data_cdr:xrscdr2012229_dat::1.0
P,urn:nasa:pds:mess_xrs_calibrated:data_cdr:xrscdr2012230_dat::1.0
P,urn:nasa:pds:mess_xrs_calibrated:data_cdr:xrscdr2012231_dat::1.0
P,urn:nasa:pds:mess_xrs_calibrated:data_cdr:xrscdr2012232_dat::1.0
P,urn:nasa:pds:mess_xrs_calibrated:data_cdr:xrscdr2012233_dat::1.0
P,urn:nasa:pds:mess_xrs_calibrated:data_cdr:xrscdr2012234_dat::1.0
P,urn:nasa:pds:mess_xrs_calibrated:data_cdr:xrscdr2012235_dat::1.0
P,urn:nasa:pds:mess_xrs_calibrated:data_cdr:xrscdr2012236_dat::1.0
P,urn:nasa:pds:mess_xrs_calibrated:data_cdr:xrscdr2012237_dat::1.0
P,urn:nasa:pds:mess_xrs_calibrated:data_cdr:xrscdr2012238_dat::1.0
P,urn:nasa:pds:mess_xrs_calibrated:data_cdr:xrscdr2012239_dat::1.0
P,urn:nasa:pds:mess_xrs_calibrated:data_cdr:xrscdr2012240_dat::1.0
P,urn:nasa:pds:mess_xrs_calibrated:data_cdr:xrscdr2012241_dat::1.0
P,urn:nasa:pds:mess_xrs_calibrated:data_cdr:xrscdr2012242_dat::1.0
P,urn:nasa:pds:mess_xrs_calibrated:data_cdr:xrscdr2012243_dat::1.0
P,urn:nasa:pds:mess_xrs_calibrated:data_cdr:xrscdr2012244_dat::1.0
P,urn:nasa:pds:mess_xrs_calibrated:data_cdr:xrscdr2012245_dat::1.0
P,urn:nasa:pds:mess_xrs_calibrated:data_cdr:xrscdr2012246_dat::1.0
P,urn:nasa:pds:mess_xrs_calibrated:data_cdr:xrscdr2012247_dat::1.0
P,urn:nasa:pds:mess_xrs_calibrated:data_cdr:xrscdr2012248_dat::1.0
P,urn:nasa:pds:mess_xrs_calibrated:data_cdr:xrscdr2012249_dat::1.0
P,urn:nasa:pds:mess_xrs_calibrated:data_cdr:xrscdr2012250_dat::1.0
P,urn:nasa:pds:mess_xrs_calibrated:data_cdr:xrscdr2012251_dat::1.0
P,urn:nasa:pds:mess_xrs_calibrated:data_cdr:xrscdr2012252_dat::1.0
P,urn:nasa:pds:mess_xrs_calibrated:data_cdr:xrscdr2012253_dat::1.0
P,urn:nasa:pds:mess_xrs_calibrated:data_cdr:xrscdr2012254_dat::1.0
P,urn:nasa:pds:mess_xrs_calibrated:data_cdr:xrscdr2012255_dat::1.0
P,urn:nasa:pds:mess_xrs_calibrated:data_cdr:xrscdr2012256_dat::1.0
P,urn:nasa:pds:mess_xrs_calibrated:data_cdr:xrscdr2012257_dat::1.0
P,urn:nasa:pds:mess_xrs_calibrated:data_cdr:xrscdr2012258_dat::1.0
P,urn:nasa:pds:mess_xrs_calibrated:data_cdr:xrscdr2012259_dat::1.0
P,urn:nasa:pds:mess_xrs_calibrated:data_cdr:xrscdr2012260_dat::1.0
P,urn:nasa:pds:mess_xrs_calibrated:data_cdr:xrscdr2012261_dat::1.0
P,urn:nasa:pds:mess_xrs_calibrated:data_cdr:xrscdr2012262_dat::1.0
P,urn:nasa:pds:mess_xrs_calibrated:data_cdr:xrscdr2012263_dat::1.0
P,urn:nasa:pds:mess_xrs_calibrated:data_cdr:xrscdr2012264_dat::1.0
P,urn:nasa:pds:mess_xrs_calibrated:data_cdr:xrscdr2012265_dat::1.0
P,urn:nasa:pds:mess_xrs_calibrated:data_cdr:xrscdr2012266_dat::1.0
P,urn:nasa:pds:mess_xrs_calibrated:data_cdr:xrscdr2012267_dat::1.0
P,urn:nasa:pds:mess_xrs_calibrated:data_cdr:xrscdr2012268_dat::1.0
P,urn:nasa:pds:mess_xrs_calibrated:data_cdr:xrscdr2012269_dat::1.0
P,urn:nasa:pds:mess_xrs_calibrated:data_cdr:xrscdr2012270_dat::1.0
P,urn:nasa:pds:mess_xrs_calibrated:data_cdr:xrscdr2012271_dat::1.0
P,urn:nasa:pds:mess_xrs_calibrated:data_cdr:xrscdr2012272_dat::1.0
P,urn:nasa:pds:mess_xrs_calibrated:data_cdr:xrscdr2012273_dat::1.0
P,urn:nasa:pds:mess_xrs_calibrated:data_cdr:xrscdr2012274_dat::1.0
P,urn:nasa:pds:mess_xrs_calibrated:data_cdr:xrscdr2012275_dat::1.0
P,urn:nasa:pds:mess_xrs_calibrated:data_cdr:xrscdr2012276_dat::1.0
P,urn:nasa:pds:mess_xrs_calibrated:data_cdr:xrscdr2012277_dat::1.0
P,urn:nasa:pds:mess_xrs_calibrated:data_cdr:xrscdr2012278_dat::1.0
P,urn:nasa:pds:mess_xrs_calibrated:data_cdr:xrscdr2012279_dat::1.0
P,urn:nasa:pds:mess_xrs_calibrated:data_cdr:xrscdr2012280_dat::1.0
P,urn:nasa:pds:mess_xrs_calibrated:data_cdr:xrscdr2012281_dat::1.0
P,urn:nasa:pds:mess_xrs_calibrated:data_cdr:xrscdr2012282_dat::1.0
P,urn:nasa:pds:mess_xrs_calibrated:data_cdr:xrscdr2012283_dat::1.0
P,urn:nasa:pds:mess_xrs_calibrated:data_cdr:xrscdr2012284_dat::1.0
P,urn:nasa:pds:mess_xrs_calibrated:data_cdr:xrscdr2012285_dat::1.0
P,urn:nasa:pds:mess_xrs_calibrated:data_cdr:xrscdr2012286_dat::1.0
P,urn:nasa:pds:mess_xrs_calibrated:data_cdr:xrscdr2012287_dat::1.0
P,urn:nasa:pds:mess_xrs_calibrated:data_cdr:xrscdr2012288_dat::1.0
P,urn:nasa:pds:mess_xrs_calibrated:data_cdr:xrscdr2012289_dat::1.0
P,urn:nasa:pds:mess_xrs_calibrated:data_cdr:xrscdr2012290_dat::1.0
P,urn:nasa:pds:mess_xrs_calibrated:data_cdr:xrscdr2012291_dat::1.0
P,urn:nasa:pds:mess_xrs_calibrated:data_cdr:xrscdr2012292_dat::1.0
P,urn:nasa:pds:mess_xrs_calibrated:data_cdr:xrscdr2012293_dat::1.0
P,urn:nasa:pds:mess_xrs_calibrated:data_cdr:xrscdr2012294_dat::1.0
P,urn:nasa:pds:mess_xrs_calibrated:data_cdr:xrscdr2012295_dat::1.0
P,urn:nasa:pds:mess_xrs_calibrated:data_cdr:xrscdr2012296_dat::1.0
P,urn:nasa:pds:mess_xrs_calibrated:data_cdr:xrscdr2012297_dat::1.0
P,urn:nasa:pds:mess_xrs_calibrated:data_cdr:xrscdr2012298_dat::1.0
P,urn:nasa:pds:mess_xrs_calibrated:data_cdr:xrscdr2012299_dat::1.0
P,urn:nasa:pds:mess_xrs_calibrated:data_cdr:xrscdr2012300_dat::1.0
P,urn:nasa:pds:mess_xrs_calibrated:data_cdr:xrscdr2012301_dat::1.0
P,urn:nasa:pds:mess_xrs_calibrated:data_cdr:xrscdr2012302_dat::1.0
P,urn:nasa:pds:mess_xrs_calibrated:data_cdr:xrscdr2012303_dat::1.0
P,urn:nasa:pds:mess_xrs_calibrated:data_cdr:xrscdr2012304_dat::1.0
P,urn:nasa:pds:mess_xrs_calibrated:data_cdr:xrscdr2012305_dat::1.0
P,urn:nasa:pds:mess_xrs_calibrated:data_cdr:xrscdr2012306_dat::1.0
P,urn:nasa:pds:mess_xrs_calibrated:data_cdr:xrscdr2012307_dat::1.0
P,urn:nasa:pds:mess_xrs_calibrated:data_cdr:xrscdr2012308_dat::1.0
P,urn:nasa:pds:mess_xrs_calibrated:data_cdr:xrscdr2012309_dat::1.0
P,urn:nasa:pds:mess_xrs_calibrated:data_cdr:xrscdr2012310_dat::1.0
P,urn:nasa:pds:mess_xrs_calibrated:data_cdr:xrscdr2012311_dat::1.0
P,urn:nasa:pds:mess_xrs_calibrated:data_cdr:xrscdr2012312_dat::1.0
P,urn:nasa:pds:mess_xrs_calibrated:data_cdr:xrscdr2012313_dat::1.0
P,urn:nasa:pds:mess_xrs_calibrated:data_cdr:xrscdr2012314_dat::1.0
P,urn:nasa:pds:mess_xrs_calibrated:data_cdr:xrscdr2012315_dat::1.0
P,urn:nasa:pds:mess_xrs_calibrated:data_cdr:xrscdr2012316_dat::1.0
P,urn:nasa:pds:mess_xrs_calibrated:data_cdr:xrscdr2012317_dat::1.0
P,urn:nasa:pds:mess_xrs_calibrated:data_cdr:xrscdr2012318_dat::1.0
P,urn:nasa:pds:mess_xrs_calibrated:data_cdr:xrscdr2012319_dat::1.0
P,urn:nasa:pds:mess_xrs_calibrated:data_cdr:xrscdr2012320_dat::1.0
P,urn:nasa:pds:mess_xrs_calibrated:data_cdr:xrscdr2012321_dat::1.0
P,urn:nasa:pds:mess_xrs_calibrated:data_cdr:xrscdr2012322_dat::1.0
P,urn:nasa:pds:mess_xrs_calibrated:data_cdr:xrscdr2012323_dat::1.0
P,urn:nasa:pds:mess_xrs_calibrated:data_cdr:xrscdr2012324_dat::1.0
P,urn:nasa:pds:mess_xrs_calibrated:data_cdr:xrscdr2012325_dat::1.0
P,urn:nasa:pds:mess_xrs_calibrated:data_cdr:xrscdr2012326_dat::1.0
P,urn:nasa:pds:mess_xrs_calibrated:data_cdr:xrscdr2012327_dat::1.0
P,urn:nasa:pds:mess_xrs_calibrated:data_cdr:xrscdr2012328_dat::1.0
P,urn:nasa:pds:mess_xrs_calibrated:data_cdr:xrscdr2012329_dat::1.0
P,urn:nasa:pds:mess_xrs_calibrated:data_cdr:xrscdr2012330_dat::1.0
P,urn:nasa:pds:mess_xrs_calibrated:data_cdr:xrscdr2012331_dat::1.0
P,urn:nasa:pds:mess_xrs_calibrated:data_cdr:xrscdr2012332_dat::1.0
P,urn:nasa:pds:mess_xrs_calibrated:data_cdr:xrscdr2012333_dat::1.0
P,urn:nasa:pds:mess_xrs_calibrated:data_cdr:xrscdr2012334_dat::1.0
P,urn:nasa:pds:mess_xrs_calibrated:data_cdr:xrscdr2012335_dat::1.0
P,urn:nasa:pds:mess_xrs_calibrated:data_cdr:xrscdr2012336_dat::1.0
P,urn:nasa:pds:mess_xrs_calibrated:data_cdr:xrscdr2012337_dat::1.0
P,urn:nasa:pds:mess_xrs_calibrated:data_cdr:xrscdr2012338_dat::1.0
P,urn:nasa:pds:mess_xrs_calibrated:data_cdr:xrscdr2012339_dat::1.0
P,urn:nasa:pds:mess_xrs_calibrated:data_cdr:xrscdr2012340_dat::1.0
P,urn:nasa:pds:mess_xrs_calibrated:data_cdr:xrscdr2012341_dat::1.0
P,urn:nasa:pds:mess_xrs_calibrated:data_cdr:xrscdr2012342_dat::1.0
P,urn:nasa:pds:mess_xrs_calibrated:data_cdr:xrscdr2012343_dat::1.0
P,urn:nasa:pds:mess_xrs_calibrated:data_cdr:xrscdr2012344_dat::1.0
P,urn:nasa:pds:mess_xrs_calibrated:data_cdr:xrscdr2012345_dat::1.0
P,urn:nasa:pds:mess_xrs_calibrated:data_cdr:xrscdr2012346_dat::1.0
P,urn:nasa:pds:mess_xrs_calibrated:data_cdr:xrscdr2012347_dat::1.0
P,urn:nasa:pds:mess_xrs_calibrated:data_cdr:xrscdr2012348_dat::1.0
P,urn:nasa:pds:mess_xrs_calibrated:data_cdr:xrscdr2012349_dat::1.0
P,urn:nasa:pds:mess_xrs_calibrated:data_cdr:xrscdr2012350_dat::1.0
P,urn:nasa:pds:mess_xrs_calibrated:data_cdr:xrscdr2012351_dat::1.0
P,urn:nasa:pds:mess_xrs_calibrated:data_cdr:xrscdr2012352_dat::1.0
P,urn:nasa:pds:mess_xrs_calibrated:data_cdr:xrscdr2012353_dat::1.0
P,urn:nasa:pds:mess_xrs_calibrated:data_cdr:xrscdr2012354_dat::1.0
P,urn:nasa:pds:mess_xrs_calibrated:data_cdr:xrscdr2012355_dat::1.0
P,urn:nasa:pds:mess_xrs_calibrated:data_cdr:xrscdr2012356_dat::1.0
P,urn:nasa:pds:mess_xrs_calibrated:data_cdr:xrscdr2012357_dat::1.0
P,urn:nasa:pds:mess_xrs_calibrated:data_cdr:xrscdr2012358_dat::1.0
P,urn:nasa:pds:mess_xrs_calibrated:data_cdr:xrscdr2012359_dat::1.0
P,urn:nasa:pds:mess_xrs_calibrated:data_cdr:xrscdr2012360_dat::1.0
P,urn:nasa:pds:mess_xrs_calibrated:data_cdr:xrscdr2012361_dat::1.0
P,urn:nasa:pds:mess_xrs_calibrated:data_cdr:xrscdr2012362_dat::1.0
P,urn:nasa:pds:mess_xrs_calibrated:data_cdr:xrscdr2012363_dat::1.0
P,urn:nasa:pds:mess_xrs_calibrated:data_cdr:xrscdr2012364_dat::1.0
P,urn:nasa:pds:mess_xrs_calibrated:data_cdr:xrscdr2012365_dat::1.0
P,urn:nasa:pds:mess_xrs_calibrated:data_cdr:xrscdr2012366_dat::1.0
P,urn:nasa:pds:mess_xrs_calibrated:data_cdr:xrscdr2013001_dat::1.0
P,urn:nasa:pds:mess_xrs_calibrated:data_cdr:xrscdr2013002_dat::1.0
P,urn:nasa:pds:mess_xrs_calibrated:data_cdr:xrscdr2013003_dat::1.0
P,urn:nasa:pds:mess_xrs_calibrated:data_cdr:xrscdr2013004_dat::1.0
P,urn:nasa:pds:mess_xrs_calibrated:data_cdr:xrscdr2013005_dat::1.0
P,urn:nasa:pds:mess_xrs_calibrated:data_cdr:xrscdr2013006_dat::1.0
P,urn:nasa:pds:mess_xrs_calibrated:data_cdr:xrscdr2013007_dat::1.0
P,urn:nasa:pds:mess_xrs_calibrated:data_cdr:xrscdr2013008_dat::1.0
P,urn:nasa:pds:mess_xrs_calibrated:data_cdr:xrscdr2013009_dat::1.0
P,urn:nasa:pds:mess_xrs_calibrated:data_cdr:xrscdr2013010_dat::1.0
P,urn:nasa:pds:mess_xrs_calibrated:data_cdr:xrscdr2013011_dat::1.0
P,urn:nasa:pds:mess_xrs_calibrated:data_cdr:xrscdr2013012_dat::1.0
P,urn:nasa:pds:mess_xrs_calibrated:data_cdr:xrscdr2013013_dat::1.0
P,urn:nasa:pds:mess_xrs_calibrated:data_cdr:xrscdr2013014_dat::1.0
P,urn:nasa:pds:mess_xrs_calibrated:data_cdr:xrscdr2013015_dat::1.0
P,urn:nasa:pds:mess_xrs_calibrated:data_cdr:xrscdr2013016_dat::1.0
P,urn:nasa:pds:mess_xrs_calibrated:data_cdr:xrscdr2013017_dat::1.0
P,urn:nasa:pds:mess_xrs_calibrated:data_cdr:xrscdr2013018_dat::1.0
P,urn:nasa:pds:mess_xrs_calibrated:data_cdr:xrscdr2013019_dat::1.0
P,urn:nasa:pds:mess_xrs_calibrated:data_cdr:xrscdr2013020_dat::1.0
P,urn:nasa:pds:mess_xrs_calibrated:data_cdr:xrscdr2013021_dat::1.0
P,urn:nasa:pds:mess_xrs_calibrated:data_cdr:xrscdr2013022_dat::1.0
P,urn:nasa:pds:mess_xrs_calibrated:data_cdr:xrscdr2013023_dat::1.0
P,urn:nasa:pds:mess_xrs_calibrated:data_cdr:xrscdr2013024_dat::1.0
P,urn:nasa:pds:mess_xrs_calibrated:data_cdr:xrscdr2013025_dat::1.0
P,urn:nasa:pds:mess_xrs_calibrated:data_cdr:xrscdr2013026_dat::1.0
P,urn:nasa:pds:mess_xrs_calibrated:data_cdr:xrscdr2013027_dat::1.0
P,urn:nasa:pds:mess_xrs_calibrated:data_cdr:xrscdr2013028_dat::1.0
P,urn:nasa:pds:mess_xrs_calibrated:data_cdr:xrscdr2013029_dat::1.0
P,urn:nasa:pds:mess_xrs_calibrated:data_cdr:xrscdr2013030_dat::1.0
P,urn:nasa:pds:mess_xrs_calibrated:data_cdr:xrscdr2013031_dat::1.0
P,urn:nasa:pds:mess_xrs_calibrated:data_cdr:xrscdr2013032_dat::1.0
P,urn:nasa:pds:mess_xrs_calibrated:data_cdr:xrscdr2013033_dat::1.0
P,urn:nasa:pds:mess_xrs_calibrated:data_cdr:xrscdr2013034_dat::1.0
P,urn:nasa:pds:mess_xrs_calibrated:data_cdr:xrscdr2013035_dat::1.0
P,urn:nasa:pds:mess_xrs_calibrated:data_cdr:xrscdr2013036_dat::1.0
P,urn:nasa:pds:mess_xrs_calibrated:data_cdr:xrscdr2013037_dat::1.0
P,urn:nasa:pds:mess_xrs_calibrated:data_cdr:xrscdr2013038_dat::1.0
P,urn:nasa:pds:mess_xrs_calibrated:data_cdr:xrscdr2013039_dat::1.0
P,urn:nasa:pds:mess_xrs_calibrated:data_cdr:xrscdr2013040_dat::1.0
P,urn:nasa:pds:mess_xrs_calibrated:data_cdr:xrscdr2013041_dat::1.0
P,urn:nasa:pds:mess_xrs_calibrated:data_cdr:xrscdr2013042_dat::1.0
P,urn:nasa:pds:mess_xrs_calibrated:data_cdr:xrscdr2013043_dat::1.0
P,urn:nasa:pds:mess_xrs_calibrated:data_cdr:xrscdr2013044_dat::1.0
P,urn:nasa:pds:mess_xrs_calibrated:data_cdr:xrscdr2013045_dat::1.0
P,urn:nasa:pds:mess_xrs_calibrated:data_cdr:xrscdr2013046_dat::1.0
P,urn:nasa:pds:mess_xrs_calibrated:data_cdr:xrscdr2013047_dat::1.0
P,urn:nasa:pds:mess_xrs_calibrated:data_cdr:xrscdr2013048_dat::1.0
P,urn:nasa:pds:mess_xrs_calibrated:data_cdr:xrscdr2013049_dat::1.0
P,urn:nasa:pds:mess_xrs_calibrated:data_cdr:xrscdr2013050_dat::1.0
P,urn:nasa:pds:mess_xrs_calibrated:data_cdr:xrscdr2013051_dat::1.0
P,urn:nasa:pds:mess_xrs_calibrated:data_cdr:xrscdr2013052_dat::1.0
P,urn:nasa:pds:mess_xrs_calibrated:data_cdr:xrscdr2013053_dat::1.0
P,urn:nasa:pds:mess_xrs_calibrated:data_cdr:xrscdr2013054_dat::1.0
P,urn:nasa:pds:mess_xrs_calibrated:data_cdr:xrscdr2013055_dat::1.0
P,urn:nasa:pds:mess_xrs_calibrated:data_cdr:xrscdr2013056_dat::1.0
P,urn:nasa:pds:mess_xrs_calibrated:data_cdr:xrscdr2013057_dat::1.0
P,urn:nasa:pds:mess_xrs_calibrated:data_cdr:xrscdr2013058_dat::1.0
P,urn:nasa:pds:mess_xrs_calibrated:data_cdr:xrscdr2013059_dat::1.0
P,urn:nasa:pds:mess_xrs_calibrated:data_cdr:xrscdr2013060_dat::1.0
P,urn:nasa:pds:mess_xrs_calibrated:data_cdr:xrscdr2013061_dat::1.0
P,urn:nasa:pds:mess_xrs_calibrated:data_cdr:xrscdr2013062_dat::1.0
P,urn:nasa:pds:mess_xrs_calibrated:data_cdr:xrscdr2013063_dat::1.0
P,urn:nasa:pds:mess_xrs_calibrated:data_cdr:xrscdr2013064_dat::1.0
P,urn:nasa:pds:mess_xrs_calibrated:data_cdr:xrscdr2013065_dat::1.0
P,urn:nasa:pds:mess_xrs_calibrated:data_cdr:xrscdr2013066_dat::1.0
P,urn:nasa:pds:mess_xrs_calibrated:data_cdr:xrscdr2013067_dat::1.0
P,urn:nasa:pds:mess_xrs_calibrated:data_cdr:xrscdr2013068_dat::1.0
P,urn:nasa:pds:mess_xrs_calibrated:data_cdr:xrscdr2013069_dat::1.0
P,urn:nasa:pds:mess_xrs_calibrated:data_cdr:xrscdr2013070_dat::1.0
P,urn:nasa:pds:mess_xrs_calibrated:data_cdr:xrscdr2013071_dat::1.0
P,urn:nasa:pds:mess_xrs_calibrated:data_cdr:xrscdr2013072_dat::1.0
P,urn:nasa:pds:mess_xrs_calibrated:data_cdr:xrscdr2013073_dat::1.0
P,urn:nasa:pds:mess_xrs_calibrated:data_cdr:xrscdr2013074_dat::1.0
P,urn:nasa:pds:mess_xrs_calibrated:data_cdr:xrscdr2013075_dat::1.0
P,urn:nasa:pds:mess_xrs_calibrated:data_cdr:xrscdr2013076_dat::1.0
P,urn:nasa:pds:mess_xrs_calibrated:data_cdr:xrscdr2013077_dat::1.0
P,urn:nasa:pds:mess_xrs_calibrated:data_cdr:xrscdr2013078_dat::1.0
P,urn:nasa:pds:mess_xrs_calibrated:data_cdr:xrscdr2013079_dat::1.0
P,urn:nasa:pds:mess_xrs_calibrated:data_cdr:xrscdr2013080_dat::1.0
P,urn:nasa:pds:mess_xrs_calibrated:data_cdr:xrscdr2013081_dat::1.0
P,urn:nasa:pds:mess_xrs_calibrated:data_cdr:xrscdr2013082_dat::1.0
P,urn:nasa:pds:mess_xrs_calibrated:data_cdr:xrscdr2013083_dat::1.0
P,urn:nasa:pds:mess_xrs_calibrated:data_cdr:xrscdr2013084_dat::1.0
P,urn:nasa:pds:mess_xrs_calibrated:data_cdr:xrscdr2013085_dat::1.0
P,urn:nasa:pds:mess_xrs_calibrated:data_cdr:xrscdr2013086_dat::1.0
P,urn:nasa:pds:mess_xrs_calibrated:data_cdr:xrscdr2013087_dat::1.0
P,urn:nasa:pds:mess_xrs_calibrated:data_cdr:xrscdr2013088_dat::1.0
P,urn:nasa:pds:mess_xrs_calibrated:data_cdr:xrscdr2013089_dat::1.0
P,urn:nasa:pds:mess_xrs_calibrated:data_cdr:xrscdr2013090_dat::1.0
P,urn:nasa:pds:mess_xrs_calibrated:data_cdr:xrscdr2013091_dat::1.0
P,urn:nasa:pds:mess_xrs_calibrated:data_cdr:xrscdr2013092_dat::1.0
P,urn:nasa:pds:mess_xrs_calibrated:data_cdr:xrscdr2013093_dat::1.0
P,urn:nasa:pds:mess_xrs_calibrated:data_cdr:xrscdr2013094_dat::1.0
P,urn:nasa:pds:mess_xrs_calibrated:data_cdr:xrscdr2013095_dat::1.0
P,urn:nasa:pds:mess_xrs_calibrated:data_cdr:xrscdr2013096_dat::1.0
P,urn:nasa:pds:mess_xrs_calibrated:data_cdr:xrscdr2013097_dat::1.0
P,urn:nasa:pds:mess_xrs_calibrated:data_cdr:xrscdr2013098_dat::1.0
P,urn:nasa:pds:mess_xrs_calibrated:data_cdr:xrscdr2013099_dat::1.0
P,urn:nasa:pds:mess_xrs_calibrated:data_cdr:xrscdr2013100_dat::1.0
P,urn:nasa:pds:mess_xrs_calibrated:data_cdr:xrscdr2013101_dat::1.0
P,urn:nasa:pds:mess_xrs_calibrated:data_cdr:xrscdr2013102_dat::1.0
P,urn:nasa:pds:mess_xrs_calibrated:data_cdr:xrscdr2013103_dat::1.0
P,urn:nasa:pds:mess_xrs_calibrated:data_cdr:xrscdr2013104_dat::1.0
P,urn:nasa:pds:mess_xrs_calibrated:data_cdr:xrscdr2013105_dat::1.0
P,urn:nasa:pds:mess_xrs_calibrated:data_cdr:xrscdr2013106_dat::1.0
P,urn:nasa:pds:mess_xrs_calibrated:data_cdr:xrscdr2013107_dat::1.0
P,urn:nasa:pds:mess_xrs_calibrated:data_cdr:xrscdr2013108_dat::1.0
P,urn:nasa:pds:mess_xrs_calibrated:data_cdr:xrscdr2013109_dat::1.0
P,urn:nasa:pds:mess_xrs_calibrated:data_cdr:xrscdr2013110_dat::1.0
P,urn:nasa:pds:mess_xrs_calibrated:data_cdr:xrscdr2013111_dat::1.0
P,urn:nasa:pds:mess_xrs_calibrated:data_cdr:xrscdr2013112_dat::1.0
P,urn:nasa:pds:mess_xrs_calibrated:data_cdr:xrscdr2013113_dat::1.0
P,urn:nasa:pds:mess_xrs_calibrated:data_cdr:xrscdr2013114_dat::1.0
P,urn:nasa:pds:mess_xrs_calibrated:data_cdr:xrscdr2013115_dat::1.0
P,urn:nasa:pds:mess_xrs_calibrated:data_cdr:xrscdr2013116_dat::1.0
P,urn:nasa:pds:mess_xrs_calibrated:data_cdr:xrscdr2013117_dat::1.0
P,urn:nasa:pds:mess_xrs_calibrated:data_cdr:xrscdr2013118_dat::1.0
P,urn:nasa:pds:mess_xrs_calibrated:data_cdr:xrscdr2013119_dat::1.0
P,urn:nasa:pds:mess_xrs_calibrated:data_cdr:xrscdr2013120_dat::1.0
P,urn:nasa:pds:mess_xrs_calibrated:data_cdr:xrscdr2013121_dat::1.0
P,urn:nasa:pds:mess_xrs_calibrated:data_cdr:xrscdr2013122_dat::1.0
P,urn:nasa:pds:mess_xrs_calibrated:data_cdr:xrscdr2013123_dat::1.0
P,urn:nasa:pds:mess_xrs_calibrated:data_cdr:xrscdr2013124_dat::1.0
P,urn:nasa:pds:mess_xrs_calibrated:data_cdr:xrscdr2013125_dat::1.0
P,urn:nasa:pds:mess_xrs_calibrated:data_cdr:xrscdr2013126_dat::1.0
P,urn:nasa:pds:mess_xrs_calibrated:data_cdr:xrscdr2013127_dat::1.0
P,urn:nasa:pds:mess_xrs_calibrated:data_cdr:xrscdr2013128_dat::1.0
P,urn:nasa:pds:mess_xrs_calibrated:data_cdr:xrscdr2013129_dat::1.0
P,urn:nasa:pds:mess_xrs_calibrated:data_cdr:xrscdr2013130_dat::1.0
P,urn:nasa:pds:mess_xrs_calibrated:data_cdr:xrscdr2013131_dat::1.0
P,urn:nasa:pds:mess_xrs_calibrated:data_cdr:xrscdr2013132_dat::1.0
P,urn:nasa:pds:mess_xrs_calibrated:data_cdr:xrscdr2013133_dat::1.0
P,urn:nasa:pds:mess_xrs_calibrated:data_cdr:xrscdr2013134_dat::1.0
P,urn:nasa:pds:mess_xrs_calibrated:data_cdr:xrscdr2013135_dat::1.0
P,urn:nasa:pds:mess_xrs_calibrated:data_cdr:xrscdr2013136_dat::1.0
P,urn:nasa:pds:mess_xrs_calibrated:data_cdr:xrscdr2013137_dat::1.0
P,urn:nasa:pds:mess_xrs_calibrated:data_cdr:xrscdr2013138_dat::1.0
P,urn:nasa:pds:mess_xrs_calibrated:data_cdr:xrscdr2013139_dat::1.0
P,urn:nasa:pds:mess_xrs_calibrated:data_cdr:xrscdr2013140_dat::1.0
P,urn:nasa:pds:mess_xrs_calibrated:data_cdr:xrscdr2013141_dat::1.0
P,urn:nasa:pds:mess_xrs_calibrated:data_cdr:xrscdr2013142_dat::1.0
P,urn:nasa:pds:mess_xrs_calibrated:data_cdr:xrscdr2013143_dat::1.0
P,urn:nasa:pds:mess_xrs_calibrated:data_cdr:xrscdr2013144_dat::1.0
P,urn:nasa:pds:mess_xrs_calibrated:data_cdr:xrscdr2013145_dat::1.0
P,urn:nasa:pds:mess_xrs_calibrated:data_cdr:xrscdr2013146_dat::1.0
P,urn:nasa:pds:mess_xrs_calibrated:data_cdr:xrscdr2013147_dat::1.0
P,urn:nasa:pds:mess_xrs_calibrated:data_cdr:xrscdr2013148_dat::1.0
P,urn:nasa:pds:mess_xrs_calibrated:data_cdr:xrscdr2013149_dat::1.0
P,urn:nasa:pds:mess_xrs_calibrated:data_cdr:xrscdr2013150_dat::1.0
P,urn:nasa:pds:mess_xrs_calibrated:data_cdr:xrscdr2013151_dat::1.0
P,urn:nasa:pds:mess_xrs_calibrated:data_cdr:xrscdr2013152_dat::1.0
P,urn:nasa:pds:mess_xrs_calibrated:data_cdr:xrscdr2013153_dat::1.0
P,urn:nasa:pds:mess_xrs_calibrated:data_cdr:xrscdr2013154_dat::1.0
P,urn:nasa:pds:mess_xrs_calibrated:data_cdr:xrscdr2013155_dat::1.0
P,urn:nasa:pds:mess_xrs_calibrated:data_cdr:xrscdr2013156_dat::1.0
P,urn:nasa:pds:mess_xrs_calibrated:data_cdr:xrscdr2013157_dat::1.0
P,urn:nasa:pds:mess_xrs_calibrated:data_cdr:xrscdr2013158_dat::1.0
P,urn:nasa:pds:mess_xrs_calibrated:data_cdr:xrscdr2013159_dat::1.0
P,urn:nasa:pds:mess_xrs_calibrated:data_cdr:xrscdr2013160_dat::1.0
P,urn:nasa:pds:mess_xrs_calibrated:data_cdr:xrscdr2013161_dat::1.0
P,urn:nasa:pds:mess_xrs_calibrated:data_cdr:xrscdr2013162_dat::1.0
P,urn:nasa:pds:mess_xrs_calibrated:data_cdr:xrscdr2013163_dat::1.0
P,urn:nasa:pds:mess_xrs_calibrated:data_cdr:xrscdr2013164_dat::1.0
P,urn:nasa:pds:mess_xrs_calibrated:data_cdr:xrscdr2013165_dat::1.0
P,urn:nasa:pds:mess_xrs_calibrated:data_cdr:xrscdr2013166_dat::1.0
P,urn:nasa:pds:mess_xrs_calibrated:data_cdr:xrscdr2013167_dat::1.0
P,urn:nasa:pds:mess_xrs_calibrated:data_cdr:xrscdr2013168_dat::1.0
P,urn:nasa:pds:mess_xrs_calibrated:data_cdr:xrscdr2013169_dat::1.0
P,urn:nasa:pds:mess_xrs_calibrated:data_cdr:xrscdr2013170_dat::1.0
P,urn:nasa:pds:mess_xrs_calibrated:data_cdr:xrscdr2013171_dat::1.0
P,urn:nasa:pds:mess_xrs_calibrated:data_cdr:xrscdr2013172_dat::1.0
P,urn:nasa:pds:mess_xrs_calibrated:data_cdr:xrscdr2013173_dat::1.0
P,urn:nasa:pds:mess_xrs_calibrated:data_cdr:xrscdr2013174_dat::1.0
P,urn:nasa:pds:mess_xrs_calibrated:data_cdr:xrscdr2013175_dat::1.0
P,urn:nasa:pds:mess_xrs_calibrated:data_cdr:xrscdr2013176_dat::1.0
P,urn:nasa:pds:mess_xrs_calibrated:data_cdr:xrscdr2013177_dat::1.0
P,urn:nasa:pds:mess_xrs_calibrated:data_cdr:xrscdr2013178_dat::1.0
P,urn:nasa:pds:mess_xrs_calibrated:data_cdr:xrscdr2013179_dat::1.0
P,urn:nasa:pds:mess_xrs_calibrated:data_cdr:xrscdr2013180_dat::1.0
P,urn:nasa:pds:mess_xrs_calibrated:data_cdr:xrscdr2013181_dat::1.0
P,urn:nasa:pds:mess_xrs_calibrated:data_cdr:xrscdr2013182_dat::1.0
P,urn:nasa:pds:mess_xrs_calibrated:data_cdr:xrscdr2013183_dat::1.0
P,urn:nasa:pds:mess_xrs_calibrated:data_cdr:xrscdr2013184_dat::1.0
P,urn:nasa:pds:mess_xrs_calibrated:data_cdr:xrscdr2013185_dat::1.0
P,urn:nasa:pds:mess_xrs_calibrated:data_cdr:xrscdr2013186_dat::1.0
P,urn:nasa:pds:mess_xrs_calibrated:data_cdr:xrscdr2013187_dat::1.0
P,urn:nasa:pds:mess_xrs_calibrated:data_cdr:xrscdr2013188_dat::1.0
P,urn:nasa:pds:mess_xrs_calibrated:data_cdr:xrscdr2013189_dat::1.0
P,urn:nasa:pds:mess_xrs_calibrated:data_cdr:xrscdr2013190_dat::1.0
P,urn:nasa:pds:mess_xrs_calibrated:data_cdr:xrscdr2013191_dat::1.0
P,urn:nasa:pds:mess_xrs_calibrated:data_cdr:xrscdr2013192_dat::1.0
P,urn:nasa:pds:mess_xrs_calibrated:data_cdr:xrscdr2013193_dat::1.0
P,urn:nasa:pds:mess_xrs_calibrated:data_cdr:xrscdr2013194_dat::1.0
P,urn:nasa:pds:mess_xrs_calibrated:data_cdr:xrscdr2013195_dat::1.0
P,urn:nasa:pds:mess_xrs_calibrated:data_cdr:xrscdr2013196_dat::1.0
P,urn:nasa:pds:mess_xrs_calibrated:data_cdr:xrscdr2013197_dat::1.0
P,urn:nasa:pds:mess_xrs_calibrated:data_cdr:xrscdr2013198_dat::1.0
P,urn:nasa:pds:mess_xrs_calibrated:data_cdr:xrscdr2013199_dat::1.0
P,urn:nasa:pds:mess_xrs_calibrated:data_cdr:xrscdr2013200_dat::1.0
P,urn:nasa:pds:mess_xrs_calibrated:data_cdr:xrscdr2013201_dat::1.0
P,urn:nasa:pds:mess_xrs_calibrated:data_cdr:xrscdr2013202_dat::1.0
P,urn:nasa:pds:mess_xrs_calibrated:data_cdr:xrscdr2013203_dat::1.0
P,urn:nasa:pds:mess_xrs_calibrated:data_cdr:xrscdr2013204_dat::1.0
P,urn:nasa:pds:mess_xrs_calibrated:data_cdr:xrscdr2013205_dat::1.0
P,urn:nasa:pds:mess_xrs_calibrated:data_cdr:xrscdr2013206_dat::1.0
P,urn:nasa:pds:mess_xrs_calibrated:data_cdr:xrscdr2013207_dat::1.0
P,urn:nasa:pds:mess_xrs_calibrated:data_cdr:xrscdr2013208_dat::1.0
P,urn:nasa:pds:mess_xrs_calibrated:data_cdr:xrscdr2013209_dat::1.0
P,urn:nasa:pds:mess_xrs_calibrated:data_cdr:xrscdr2013210_dat::1.0
P,urn:nasa:pds:mess_xrs_calibrated:data_cdr:xrscdr2013211_dat::1.0
P,urn:nasa:pds:mess_xrs_calibrated:data_cdr:xrscdr2013212_dat::1.0
P,urn:nasa:pds:mess_xrs_calibrated:data_cdr:xrscdr2013213_dat::1.0
P,urn:nasa:pds:mess_xrs_calibrated:data_cdr:xrscdr2013214_dat::1.0
P,urn:nasa:pds:mess_xrs_calibrated:data_cdr:xrscdr2013215_dat::1.0
P,urn:nasa:pds:mess_xrs_calibrated:data_cdr:xrscdr2013216_dat::1.0
P,urn:nasa:pds:mess_xrs_calibrated:data_cdr:xrscdr2013217_dat::1.0
P,urn:nasa:pds:mess_xrs_calibrated:data_cdr:xrscdr2013218_dat::1.0
P,urn:nasa:pds:mess_xrs_calibrated:data_cdr:xrscdr2013219_dat::1.0
P,urn:nasa:pds:mess_xrs_calibrated:data_cdr:xrscdr2013220_dat::1.0
P,urn:nasa:pds:mess_xrs_calibrated:data_cdr:xrscdr2013221_dat::1.0
P,urn:nasa:pds:mess_xrs_calibrated:data_cdr:xrscdr2013222_dat::1.0
P,urn:nasa:pds:mess_xrs_calibrated:data_cdr:xrscdr2013223_dat::1.0
P,urn:nasa:pds:mess_xrs_calibrated:data_cdr:xrscdr2013224_dat::1.0
P,urn:nasa:pds:mess_xrs_calibrated:data_cdr:xrscdr2013225_dat::1.0
P,urn:nasa:pds:mess_xrs_calibrated:data_cdr:xrscdr2013226_dat::1.0
P,urn:nasa:pds:mess_xrs_calibrated:data_cdr:xrscdr2013227_dat::1.0
P,urn:nasa:pds:mess_xrs_calibrated:data_cdr:xrscdr2013228_dat::1.0
P,urn:nasa:pds:mess_xrs_calibrated:data_cdr:xrscdr2013229_dat::1.0
P,urn:nasa:pds:mess_xrs_calibrated:data_cdr:xrscdr2013230_dat::1.0
P,urn:nasa:pds:mess_xrs_calibrated:data_cdr:xrscdr2013231_dat::1.0
P,urn:nasa:pds:mess_xrs_calibrated:data_cdr:xrscdr2013232_dat::1.0
P,urn:nasa:pds:mess_xrs_calibrated:data_cdr:xrscdr2013233_dat::1.0
P,urn:nasa:pds:mess_xrs_calibrated:data_cdr:xrscdr2013234_dat::1.0
P,urn:nasa:pds:mess_xrs_calibrated:data_cdr:xrscdr2013235_dat::1.0
P,urn:nasa:pds:mess_xrs_calibrated:data_cdr:xrscdr2013236_dat::1.0
P,urn:nasa:pds:mess_xrs_calibrated:data_cdr:xrscdr2013237_dat::1.0
P,urn:nasa:pds:mess_xrs_calibrated:data_cdr:xrscdr2013238_dat::1.0
P,urn:nasa:pds:mess_xrs_calibrated:data_cdr:xrscdr2013239_dat::1.0
P,urn:nasa:pds:mess_xrs_calibrated:data_cdr:xrscdr2013240_dat::1.0
P,urn:nasa:pds:mess_xrs_calibrated:data_cdr:xrscdr2013241_dat::1.0
P,urn:nasa:pds:mess_xrs_calibrated:data_cdr:xrscdr2013242_dat::1.0
P,urn:nasa:pds:mess_xrs_calibrated:data_cdr:xrscdr2013243_dat::1.0
P,urn:nasa:pds:mess_xrs_calibrated:data_cdr:xrscdr2013244_dat::1.0
P,urn:nasa:pds:mess_xrs_calibrated:data_cdr:xrscdr2013245_dat::1.0
P,urn:nasa:pds:mess_xrs_calibrated:data_cdr:xrscdr2013246_dat::1.0
P,urn:nasa:pds:mess_xrs_calibrated:data_cdr:xrscdr2013247_dat::1.0
P,urn:nasa:pds:mess_xrs_calibrated:data_cdr:xrscdr2013248_dat::1.0
P,urn:nasa:pds:mess_xrs_calibrated:data_cdr:xrscdr2013249_dat::1.0
P,urn:nasa:pds:mess_xrs_calibrated:data_cdr:xrscdr2013250_dat::1.0
P,urn:nasa:pds:mess_xrs_calibrated:data_cdr:xrscdr2013251_dat::1.0
P,urn:nasa:pds:mess_xrs_calibrated:data_cdr:xrscdr2013252_dat::1.0
P,urn:nasa:pds:mess_xrs_calibrated:data_cdr:xrscdr2013253_dat::1.0
P,urn:nasa:pds:mess_xrs_calibrated:data_cdr:xrscdr2013254_dat::1.0
P,urn:nasa:pds:mess_xrs_calibrated:data_cdr:xrscdr2013255_dat::1.0
P,urn:nasa:pds:mess_xrs_calibrated:data_cdr:xrscdr2013256_dat::1.0
P,urn:nasa:pds:mess_xrs_calibrated:data_cdr:xrscdr2013257_dat::1.0
P,urn:nasa:pds:mess_xrs_calibrated:data_cdr:xrscdr2013258_dat::1.0
P,urn:nasa:pds:mess_xrs_calibrated:data_cdr:xrscdr2013259_dat::1.0
P,urn:nasa:pds:mess_xrs_calibrated:data_cdr:xrscdr2013260_dat::1.0
P,urn:nasa:pds:mess_xrs_calibrated:data_cdr:xrscdr2013261_dat::1.0
P,urn:nasa:pds:mess_xrs_calibrated:data_cdr:xrscdr2013262_dat::1.0
P,urn:nasa:pds:mess_xrs_calibrated:data_cdr:xrscdr2013263_dat::1.0
P,urn:nasa:pds:mess_xrs_calibrated:data_cdr:xrscdr2013264_dat::1.0
P,urn:nasa:pds:mess_xrs_calibrated:data_cdr:xrscdr2013265_dat::1.0
P,urn:nasa:pds:mess_xrs_calibrated:data_cdr:xrscdr2013266_dat::1.0
P,urn:nasa:pds:mess_xrs_calibrated:data_cdr:xrscdr2013267_dat::1.0
P,urn:nasa:pds:mess_xrs_calibrated:data_cdr:xrscdr2013268_dat::1.0
P,urn:nasa:pds:mess_xrs_calibrated:data_cdr:xrscdr2013269_dat::1.0
P,urn:nasa:pds:mess_xrs_calibrated:data_cdr:xrscdr2013270_dat::1.0
P,urn:nasa:pds:mess_xrs_calibrated:data_cdr:xrscdr2013271_dat::1.0
P,urn:nasa:pds:mess_xrs_calibrated:data_cdr:xrscdr2013272_dat::1.0
P,urn:nasa:pds:mess_xrs_calibrated:data_cdr:xrscdr2013273_dat::1.0
P,urn:nasa:pds:mess_xrs_calibrated:data_cdr:xrscdr2013274_dat::1.0
P,urn:nasa:pds:mess_xrs_calibrated:data_cdr:xrscdr2013275_dat::1.0
P,urn:nasa:pds:mess_xrs_calibrated:data_cdr:xrscdr2013276_dat::1.0
P,urn:nasa:pds:mess_xrs_calibrated:data_cdr:xrscdr2013277_dat::1.0
P,urn:nasa:pds:mess_xrs_calibrated:data_cdr:xrscdr2013278_dat::1.0
P,urn:nasa:pds:mess_xrs_calibrated:data_cdr:xrscdr2013279_dat::1.0
P,urn:nasa:pds:mess_xrs_calibrated:data_cdr:xrscdr2013280_dat::1.0
P,urn:nasa:pds:mess_xrs_calibrated:data_cdr:xrscdr2013281_dat::1.0
P,urn:nasa:pds:mess_xrs_calibrated:data_cdr:xrscdr2013282_dat::1.0
P,urn:nasa:pds:mess_xrs_calibrated:data_cdr:xrscdr2013283_dat::1.0
P,urn:nasa:pds:mess_xrs_calibrated:data_cdr:xrscdr2013284_dat::1.0
P,urn:nasa:pds:mess_xrs_calibrated:data_cdr:xrscdr2013285_dat::1.0
P,urn:nasa:pds:mess_xrs_calibrated:data_cdr:xrscdr2013286_dat::1.0
P,urn:nasa:pds:mess_xrs_calibrated:data_cdr:xrscdr2013287_dat::1.0
P,urn:nasa:pds:mess_xrs_calibrated:data_cdr:xrscdr2013288_dat::1.0
P,urn:nasa:pds:mess_xrs_calibrated:data_cdr:xrscdr2013289_dat::1.0
P,urn:nasa:pds:mess_xrs_calibrated:data_cdr:xrscdr2013290_dat::1.0
P,urn:nasa:pds:mess_xrs_calibrated:data_cdr:xrscdr2013291_dat::1.0
P,urn:nasa:pds:mess_xrs_calibrated:data_cdr:xrscdr2013292_dat::1.0
P,urn:nasa:pds:mess_xrs_calibrated:data_cdr:xrscdr2013293_dat::1.0
P,urn:nasa:pds:mess_xrs_calibrated:data_cdr:xrscdr2013294_dat::1.0
P,urn:nasa:pds:mess_xrs_calibrated:data_cdr:xrscdr2013295_dat::1.0
P,urn:nasa:pds:mess_xrs_calibrated:data_cdr:xrscdr2013296_dat::1.0
P,urn:nasa:pds:mess_xrs_calibrated:data_cdr:xrscdr2013297_dat::1.0
P,urn:nasa:pds:mess_xrs_calibrated:data_cdr:xrscdr2013298_dat::1.0
P,urn:nasa:pds:mess_xrs_calibrated:data_cdr:xrscdr2013299_dat::1.0
P,urn:nasa:pds:mess_xrs_calibrated:data_cdr:xrscdr2013300_dat::1.0
P,urn:nasa:pds:mess_xrs_calibrated:data_cdr:xrscdr2013301_dat::1.0
P,urn:nasa:pds:mess_xrs_calibrated:data_cdr:xrscdr2013302_dat::1.0
P,urn:nasa:pds:mess_xrs_calibrated:data_cdr:xrscdr2013303_dat::1.0
P,urn:nasa:pds:mess_xrs_calibrated:data_cdr:xrscdr2013304_dat::1.0
P,urn:nasa:pds:mess_xrs_calibrated:data_cdr:xrscdr2013305_dat::1.0
P,urn:nasa:pds:mess_xrs_calibrated:data_cdr:xrscdr2013306_dat::1.0
P,urn:nasa:pds:mess_xrs_calibrated:data_cdr:xrscdr2013307_dat::1.0
P,urn:nasa:pds:mess_xrs_calibrated:data_cdr:xrscdr2013308_dat::1.0
P,urn:nasa:pds:mess_xrs_calibrated:data_cdr:xrscdr2013309_dat::1.0
P,urn:nasa:pds:mess_xrs_calibrated:data_cdr:xrscdr2013310_dat::1.0
P,urn:nasa:pds:mess_xrs_calibrated:data_cdr:xrscdr2013311_dat::1.0
P,urn:nasa:pds:mess_xrs_calibrated:data_cdr:xrscdr2013312_dat::1.0
P,urn:nasa:pds:mess_xrs_calibrated:data_cdr:xrscdr2013313_dat::1.0
P,urn:nasa:pds:mess_xrs_calibrated:data_cdr:xrscdr2013314_dat::1.0
P,urn:nasa:pds:mess_xrs_calibrated:data_cdr:xrscdr2013315_dat::1.0
P,urn:nasa:pds:mess_xrs_calibrated:data_cdr:xrscdr2013316_dat::1.0
P,urn:nasa:pds:mess_xrs_calibrated:data_cdr:xrscdr2013317_dat::1.0
P,urn:nasa:pds:mess_xrs_calibrated:data_cdr:xrscdr2013318_dat::1.0
P,urn:nasa:pds:mess_xrs_calibrated:data_cdr:xrscdr2013319_dat::1.0
P,urn:nasa:pds:mess_xrs_calibrated:data_cdr:xrscdr2013320_dat::1.0
P,urn:nasa:pds:mess_xrs_calibrated:data_cdr:xrscdr2013321_dat::1.0
P,urn:nasa:pds:mess_xrs_calibrated:data_cdr:xrscdr2013322_dat::1.0
P,urn:nasa:pds:mess_xrs_calibrated:data_cdr:xrscdr2013323_dat::1.0
P,urn:nasa:pds:mess_xrs_calibrated:data_cdr:xrscdr2013324_dat::1.0
P,urn:nasa:pds:mess_xrs_calibrated:data_cdr:xrscdr2013325_dat::1.0
P,urn:nasa:pds:mess_xrs_calibrated:data_cdr:xrscdr2013326_dat::1.0
P,urn:nasa:pds:mess_xrs_calibrated:data_cdr:xrscdr2013327_dat::1.0
P,urn:nasa:pds:mess_xrs_calibrated:data_cdr:xrscdr2013328_dat::1.0
P,urn:nasa:pds:mess_xrs_calibrated:data_cdr:xrscdr2013329_dat::1.0
P,urn:nasa:pds:mess_xrs_calibrated:data_cdr:xrscdr2013330_dat::1.0
P,urn:nasa:pds:mess_xrs_calibrated:data_cdr:xrscdr2013331_dat::1.0
P,urn:nasa:pds:mess_xrs_calibrated:data_cdr:xrscdr2013332_dat::1.0
P,urn:nasa:pds:mess_xrs_calibrated:data_cdr:xrscdr2013333_dat::1.0
P,urn:nasa:pds:mess_xrs_calibrated:data_cdr:xrscdr2013334_dat::1.0
P,urn:nasa:pds:mess_xrs_calibrated:data_cdr:xrscdr2013335_dat::1.0
P,urn:nasa:pds:mess_xrs_calibrated:data_cdr:xrscdr2013336_dat::1.0
P,urn:nasa:pds:mess_xrs_calibrated:data_cdr:xrscdr2013337_dat::1.0
P,urn:nasa:pds:mess_xrs_calibrated:data_cdr:xrscdr2013338_dat::1.0
P,urn:nasa:pds:mess_xrs_calibrated:data_cdr:xrscdr2013339_dat::1.0
P,urn:nasa:pds:mess_xrs_calibrated:data_cdr:xrscdr2013340_dat::1.0
P,urn:nasa:pds:mess_xrs_calibrated:data_cdr:xrscdr2013341_dat::1.0
P,urn:nasa:pds:mess_xrs_calibrated:data_cdr:xrscdr2013342_dat::1.0
P,urn:nasa:pds:mess_xrs_calibrated:data_cdr:xrscdr2013343_dat::1.0
P,urn:nasa:pds:mess_xrs_calibrated:data_cdr:xrscdr2013344_dat::1.0
P,urn:nasa:pds:mess_xrs_calibrated:data_cdr:xrscdr2013345_dat::1.0
P,urn:nasa:pds:mess_xrs_calibrated:data_cdr:xrscdr2013346_dat::1.0
P,urn:nasa:pds:mess_xrs_calibrated:data_cdr:xrscdr2013347_dat::1.0
P,urn:nasa:pds:mess_xrs_calibrated:data_cdr:xrscdr2013348_dat::1.0
P,urn:nasa:pds:mess_xrs_calibrated:data_cdr:xrscdr2013349_dat::1.0
P,urn:nasa:pds:mess_xrs_calibrated:data_cdr:xrscdr2013350_dat::1.0
P,urn:nasa:pds:mess_xrs_calibrated:data_cdr:xrscdr2013351_dat::1.0
P,urn:nasa:pds:mess_xrs_calibrated:data_cdr:xrscdr2013352_dat::1.0
P,urn:nasa:pds:mess_xrs_calibrated:data_cdr:xrscdr2013353_dat::1.0
P,urn:nasa:pds:mess_xrs_calibrated:data_cdr:xrscdr2013354_dat::1.0
P,urn:nasa:pds:mess_xrs_calibrated:data_cdr:xrscdr2013355_dat::1.0
P,urn:nasa:pds:mess_xrs_calibrated:data_cdr:xrscdr2013356_dat::1.0
P,urn:nasa:pds:mess_xrs_calibrated:data_cdr:xrscdr2013357_dat::1.0
P,urn:nasa:pds:mess_xrs_calibrated:data_cdr:xrscdr2013358_dat::1.0
P,urn:nasa:pds:mess_xrs_calibrated:data_cdr:xrscdr2013359_dat::1.0
P,urn:nasa:pds:mess_xrs_calibrated:data_cdr:xrscdr2013360_dat::1.0
P,urn:nasa:pds:mess_xrs_calibrated:data_cdr:xrscdr2013361_dat::1.0
P,urn:nasa:pds:mess_xrs_calibrated:data_cdr:xrscdr2013362_dat::1.0
P,urn:nasa:pds:mess_xrs_calibrated:data_cdr:xrscdr2013363_dat::1.0
P,urn:nasa:pds:mess_xrs_calibrated:data_cdr:xrscdr2013364_dat::1.0
P,urn:nasa:pds:mess_xrs_calibrated:data_cdr:xrscdr2013365_dat::1.0
P,urn:nasa:pds:mess_xrs_calibrated:data_cdr:xrscdr2014001_dat::1.0
P,urn:nasa:pds:mess_xrs_calibrated:data_cdr:xrscdr2014002_dat::1.0
P,urn:nasa:pds:mess_xrs_calibrated:data_cdr:xrscdr2014003_dat::1.0
P,urn:nasa:pds:mess_xrs_calibrated:data_cdr:xrscdr2014004_dat::1.0
P,urn:nasa:pds:mess_xrs_calibrated:data_cdr:xrscdr2014005_dat::1.0
P,urn:nasa:pds:mess_xrs_calibrated:data_cdr:xrscdr2014006_dat::1.0
P,urn:nasa:pds:mess_xrs_calibrated:data_cdr:xrscdr2014007_dat::1.0
P,urn:nasa:pds:mess_xrs_calibrated:data_cdr:xrscdr2014008_dat::1.0
P,urn:nasa:pds:mess_xrs_calibrated:data_cdr:xrscdr2014009_dat::1.0
P,urn:nasa:pds:mess_xrs_calibrated:data_cdr:xrscdr2014010_dat::1.0
P,urn:nasa:pds:mess_xrs_calibrated:data_cdr:xrscdr2014011_dat::1.0
P,urn:nasa:pds:mess_xrs_calibrated:data_cdr:xrscdr2014012_dat::1.0
P,urn:nasa:pds:mess_xrs_calibrated:data_cdr:xrscdr2014013_dat::1.0
P,urn:nasa:pds:mess_xrs_calibrated:data_cdr:xrscdr2014014_dat::1.0
P,urn:nasa:pds:mess_xrs_calibrated:data_cdr:xrscdr2014015_dat::1.0
P,urn:nasa:pds:mess_xrs_calibrated:data_cdr:xrscdr2014016_dat::1.0
P,urn:nasa:pds:mess_xrs_calibrated:data_cdr:xrscdr2014017_dat::1.0
P,urn:nasa:pds:mess_xrs_calibrated:data_cdr:xrscdr2014018_dat::1.0
P,urn:nasa:pds:mess_xrs_calibrated:data_cdr:xrscdr2014019_dat::1.0
P,urn:nasa:pds:mess_xrs_calibrated:data_cdr:xrscdr2014020_dat::1.0
P,urn:nasa:pds:mess_xrs_calibrated:data_cdr:xrscdr2014021_dat::1.0
P,urn:nasa:pds:mess_xrs_calibrated:data_cdr:xrscdr2014022_dat::1.0
P,urn:nasa:pds:mess_xrs_calibrated:data_cdr:xrscdr2014023_dat::1.0
P,urn:nasa:pds:mess_xrs_calibrated:data_cdr:xrscdr2014024_dat::1.0
P,urn:nasa:pds:mess_xrs_calibrated:data_cdr:xrscdr2014025_dat::1.0
P,urn:nasa:pds:mess_xrs_calibrated:data_cdr:xrscdr2014026_dat::1.0
P,urn:nasa:pds:mess_xrs_calibrated:data_cdr:xrscdr2014027_dat::1.0
P,urn:nasa:pds:mess_xrs_calibrated:data_cdr:xrscdr2014028_dat::1.0
P,urn:nasa:pds:mess_xrs_calibrated:data_cdr:xrscdr2014029_dat::1.0
P,urn:nasa:pds:mess_xrs_calibrated:data_cdr:xrscdr2014030_dat::1.0
P,urn:nasa:pds:mess_xrs_calibrated:data_cdr:xrscdr2014031_dat::1.0
P,urn:nasa:pds:mess_xrs_calibrated:data_cdr:xrscdr2014032_dat::1.0
P,urn:nasa:pds:mess_xrs_calibrated:data_cdr:xrscdr2014033_dat::1.0
P,urn:nasa:pds:mess_xrs_calibrated:data_cdr:xrscdr2014034_dat::1.0
P,urn:nasa:pds:mess_xrs_calibrated:data_cdr:xrscdr2014035_dat::1.0
P,urn:nasa:pds:mess_xrs_calibrated:data_cdr:xrscdr2014036_dat::1.0
P,urn:nasa:pds:mess_xrs_calibrated:data_cdr:xrscdr2014037_dat::1.0
P,urn:nasa:pds:mess_xrs_calibrated:data_cdr:xrscdr2014038_dat::1.0
P,urn:nasa:pds:mess_xrs_calibrated:data_cdr:xrscdr2014039_dat::1.0
P,urn:nasa:pds:mess_xrs_calibrated:data_cdr:xrscdr2014040_dat::1.0
P,urn:nasa:pds:mess_xrs_calibrated:data_cdr:xrscdr2014041_dat::1.0
P,urn:nasa:pds:mess_xrs_calibrated:data_cdr:xrscdr2014042_dat::1.0
P,urn:nasa:pds:mess_xrs_calibrated:data_cdr:xrscdr2014043_dat::1.0
P,urn:nasa:pds:mess_xrs_calibrated:data_cdr:xrscdr2014044_dat::1.0
P,urn:nasa:pds:mess_xrs_calibrated:data_cdr:xrscdr2014045_dat::1.0
P,urn:nasa:pds:mess_xrs_calibrated:data_cdr:xrscdr2014046_dat::1.0
P,urn:nasa:pds:mess_xrs_calibrated:data_cdr:xrscdr2014047_dat::1.0
P,urn:nasa:pds:mess_xrs_calibrated:data_cdr:xrscdr2014048_dat::1.0
P,urn:nasa:pds:mess_xrs_calibrated:data_cdr:xrscdr2014049_dat::1.0
P,urn:nasa:pds:mess_xrs_calibrated:data_cdr:xrscdr2014050_dat::1.0
P,urn:nasa:pds:mess_xrs_calibrated:data_cdr:xrscdr2014051_dat::1.0
P,urn:nasa:pds:mess_xrs_calibrated:data_cdr:xrscdr2014052_dat::1.0
P,urn:nasa:pds:mess_xrs_calibrated:data_cdr:xrscdr2014053_dat::1.0
P,urn:nasa:pds:mess_xrs_calibrated:data_cdr:xrscdr2014054_dat::1.0
P,urn:nasa:pds:mess_xrs_calibrated:data_cdr:xrscdr2014055_dat::1.0
P,urn:nasa:pds:mess_xrs_calibrated:data_cdr:xrscdr2014056_dat::1.0
P,urn:nasa:pds:mess_xrs_calibrated:data_cdr:xrscdr2014057_dat::1.0
P,urn:nasa:pds:mess_xrs_calibrated:data_cdr:xrscdr2014058_dat::1.0
P,urn:nasa:pds:mess_xrs_calibrated:data_cdr:xrscdr2014059_dat::1.0
P,urn:nasa:pds:mess_xrs_calibrated:data_cdr:xrscdr2014060_dat::1.0
P,urn:nasa:pds:mess_xrs_calibrated:data_cdr:xrscdr2014061_dat::1.0
P,urn:nasa:pds:mess_xrs_calibrated:data_cdr:xrscdr2014062_dat::1.0
P,urn:nasa:pds:mess_xrs_calibrated:data_cdr:xrscdr2014063_dat::1.0
P,urn:nasa:pds:mess_xrs_calibrated:data_cdr:xrscdr2014064_dat::1.0
P,urn:nasa:pds:mess_xrs_calibrated:data_cdr:xrscdr2014065_dat::1.0
P,urn:nasa:pds:mess_xrs_calibrated:data_cdr:xrscdr2014066_dat::1.0
P,urn:nasa:pds:mess_xrs_calibrated:data_cdr:xrscdr2014067_dat::1.0
P,urn:nasa:pds:mess_xrs_calibrated:data_cdr:xrscdr2014068_dat::1.0
P,urn:nasa:pds:mess_xrs_calibrated:data_cdr:xrscdr2014069_dat::1.0
P,urn:nasa:pds:mess_xrs_calibrated:data_cdr:xrscdr2014070_dat::1.0
P,urn:nasa:pds:mess_xrs_calibrated:data_cdr:xrscdr2014071_dat::1.0
P,urn:nasa:pds:mess_xrs_calibrated:data_cdr:xrscdr2014072_dat::1.0
P,urn:nasa:pds:mess_xrs_calibrated:data_cdr:xrscdr2014073_dat::1.0
P,urn:nasa:pds:mess_xrs_calibrated:data_cdr:xrscdr2014074_dat::1.0
P,urn:nasa:pds:mess_xrs_calibrated:data_cdr:xrscdr2014075_dat::1.0
P,urn:nasa:pds:mess_xrs_calibrated:data_cdr:xrscdr2014076_dat::1.0
P,urn:nasa:pds:mess_xrs_calibrated:data_cdr:xrscdr2014077_dat::1.0
P,urn:nasa:pds:mess_xrs_calibrated:data_cdr:xrscdr2014078_dat::1.0
P,urn:nasa:pds:mess_xrs_calibrated:data_cdr:xrscdr2014079_dat::1.0
P,urn:nasa:pds:mess_xrs_calibrated:data_cdr:xrscdr2014080_dat::1.0
P,urn:nasa:pds:mess_xrs_calibrated:data_cdr:xrscdr2014081_dat::1.0
P,urn:nasa:pds:mess_xrs_calibrated:data_cdr:xrscdr2014082_dat::1.0
P,urn:nasa:pds:mess_xrs_calibrated:data_cdr:xrscdr2014083_dat::1.0
P,urn:nasa:pds:mess_xrs_calibrated:data_cdr:xrscdr2014084_dat::1.0
P,urn:nasa:pds:mess_xrs_calibrated:data_cdr:xrscdr2014085_dat::1.0
P,urn:nasa:pds:mess_xrs_calibrated:data_cdr:xrscdr2014086_dat::1.0
P,urn:nasa:pds:mess_xrs_calibrated:data_cdr:xrscdr2014087_dat::1.0
P,urn:nasa:pds:mess_xrs_calibrated:data_cdr:xrscdr2014088_dat::1.0
P,urn:nasa:pds:mess_xrs_calibrated:data_cdr:xrscdr2014089_dat::1.0
P,urn:nasa:pds:mess_xrs_calibrated:data_cdr:xrscdr2014090_dat::1.0
P,urn:nasa:pds:mess_xrs_calibrated:data_cdr:xrscdr2014091_dat::1.0
P,urn:nasa:pds:mess_xrs_calibrated:data_cdr:xrscdr2014092_dat::1.0
P,urn:nasa:pds:mess_xrs_calibrated:data_cdr:xrscdr2014093_dat::1.0
P,urn:nasa:pds:mess_xrs_calibrated:data_cdr:xrscdr2014094_dat::1.0
P,urn:nasa:pds:mess_xrs_calibrated:data_cdr:xrscdr2014095_dat::1.0
P,urn:nasa:pds:mess_xrs_calibrated:data_cdr:xrscdr2014096_dat::1.0
P,urn:nasa:pds:mess_xrs_calibrated:data_cdr:xrscdr2014097_dat::1.0
P,urn:nasa:pds:mess_xrs_calibrated:data_cdr:xrscdr2014098_dat::1.0
P,urn:nasa:pds:mess_xrs_calibrated:data_cdr:xrscdr2014099_dat::1.0
P,urn:nasa:pds:mess_xrs_calibrated:data_cdr:xrscdr2014100_dat::1.0
P,urn:nasa:pds:mess_xrs_calibrated:data_cdr:xrscdr2014101_dat::1.0
P,urn:nasa:pds:mess_xrs_calibrated:data_cdr:xrscdr2014102_dat::1.0
P,urn:nasa:pds:mess_xrs_calibrated:data_cdr:xrscdr2014103_dat::1.0
P,urn:nasa:pds:mess_xrs_calibrated:data_cdr:xrscdr2014104_dat::1.0
P,urn:nasa:pds:mess_xrs_calibrated:data_cdr:xrscdr2014105_dat::1.0
P,urn:nasa:pds:mess_xrs_calibrated:data_cdr:xrscdr2014106_dat::1.0
P,urn:nasa:pds:mess_xrs_calibrated:data_cdr:xrscdr2014107_dat::1.0
P,urn:nasa:pds:mess_xrs_calibrated:data_cdr:xrscdr2014108_dat::1.0
P,urn:nasa:pds:mess_xrs_calibrated:data_cdr:xrscdr2014109_dat::1.0
P,urn:nasa:pds:mess_xrs_calibrated:data_cdr:xrscdr2014110_dat::1.0
P,urn:nasa:pds:mess_xrs_calibrated:data_cdr:xrscdr2014111_dat::1.0
P,urn:nasa:pds:mess_xrs_calibrated:data_cdr:xrscdr2014112_dat::1.0
P,urn:nasa:pds:mess_xrs_calibrated:data_cdr:xrscdr2014113_dat::1.0
P,urn:nasa:pds:mess_xrs_calibrated:data_cdr:xrscdr2014114_dat::1.0
P,urn:nasa:pds:mess_xrs_calibrated:data_cdr:xrscdr2014115_dat::1.0
P,urn:nasa:pds:mess_xrs_calibrated:data_cdr:xrscdr2014116_dat::1.0
P,urn:nasa:pds:mess_xrs_calibrated:data_cdr:xrscdr2014117_dat::1.0
P,urn:nasa:pds:mess_xrs_calibrated:data_cdr:xrscdr2014118_dat::1.0
P,urn:nasa:pds:mess_xrs_calibrated:data_cdr:xrscdr2014119_dat::1.0
P,urn:nasa:pds:mess_xrs_calibrated:data_cdr:xrscdr2014120_dat::1.0
P,urn:nasa:pds:mess_xrs_calibrated:data_cdr:xrscdr2014121_dat::1.0
P,urn:nasa:pds:mess_xrs_calibrated:data_cdr:xrscdr2014122_dat::1.0
P,urn:nasa:pds:mess_xrs_calibrated:data_cdr:xrscdr2014123_dat::1.0
P,urn:nasa:pds:mess_xrs_calibrated:data_cdr:xrscdr2014124_dat::1.0
P,urn:nasa:pds:mess_xrs_calibrated:data_cdr:xrscdr2014125_dat::1.0
P,urn:nasa:pds:mess_xrs_calibrated:data_cdr:xrscdr2014126_dat::1.0
P,urn:nasa:pds:mess_xrs_calibrated:data_cdr:xrscdr2014127_dat::1.0
P,urn:nasa:pds:mess_xrs_calibrated:data_cdr:xrscdr2014128_dat::1.0
P,urn:nasa:pds:mess_xrs_calibrated:data_cdr:xrscdr2014129_dat::1.0
P,urn:nasa:pds:mess_xrs_calibrated:data_cdr:xrscdr2014130_dat::1.0
P,urn:nasa:pds:mess_xrs_calibrated:data_cdr:xrscdr2014131_dat::1.0
P,urn:nasa:pds:mess_xrs_calibrated:data_cdr:xrscdr2014132_dat::1.0
P,urn:nasa:pds:mess_xrs_calibrated:data_cdr:xrscdr2014133_dat::1.0
P,urn:nasa:pds:mess_xrs_calibrated:data_cdr:xrscdr2014134_dat::1.0
P,urn:nasa:pds:mess_xrs_calibrated:data_cdr:xrscdr2014135_dat::1.0
P,urn:nasa:pds:mess_xrs_calibrated:data_cdr:xrscdr2014136_dat::1.0
P,urn:nasa:pds:mess_xrs_calibrated:data_cdr:xrscdr2014137_dat::1.0
P,urn:nasa:pds:mess_xrs_calibrated:data_cdr:xrscdr2014138_dat::1.0
P,urn:nasa:pds:mess_xrs_calibrated:data_cdr:xrscdr2014139_dat::1.0
P,urn:nasa:pds:mess_xrs_calibrated:data_cdr:xrscdr2014140_dat::1.0
P,urn:nasa:pds:mess_xrs_calibrated:data_cdr:xrscdr2014141_dat::1.0
P,urn:nasa:pds:mess_xrs_calibrated:data_cdr:xrscdr2014142_dat::1.0
P,urn:nasa:pds:mess_xrs_calibrated:data_cdr:xrscdr2014143_dat::1.0
P,urn:nasa:pds:mess_xrs_calibrated:data_cdr:xrscdr2014144_dat::1.0
P,urn:nasa:pds:mess_xrs_calibrated:data_cdr:xrscdr2014145_dat::1.0
P,urn:nasa:pds:mess_xrs_calibrated:data_cdr:xrscdr2014146_dat::1.0
P,urn:nasa:pds:mess_xrs_calibrated:data_cdr:xrscdr2014147_dat::1.0
P,urn:nasa:pds:mess_xrs_calibrated:data_cdr:xrscdr2014148_dat::1.0
P,urn:nasa:pds:mess_xrs_calibrated:data_cdr:xrscdr2014149_dat::1.0
P,urn:nasa:pds:mess_xrs_calibrated:data_cdr:xrscdr2014150_dat::1.0
P,urn:nasa:pds:mess_xrs_calibrated:data_cdr:xrscdr2014151_dat::1.0
P,urn:nasa:pds:mess_xrs_calibrated:data_cdr:xrscdr2014152_dat::1.0
P,urn:nasa:pds:mess_xrs_calibrated:data_cdr:xrscdr2014153_dat::1.0
P,urn:nasa:pds:mess_xrs_calibrated:data_cdr:xrscdr2014154_dat::1.0
P,urn:nasa:pds:mess_xrs_calibrated:data_cdr:xrscdr2014155_dat::1.0
P,urn:nasa:pds:mess_xrs_calibrated:data_cdr:xrscdr2014156_dat::1.0
P,urn:nasa:pds:mess_xrs_calibrated:data_cdr:xrscdr2014157_dat::1.0
P,urn:nasa:pds:mess_xrs_calibrated:data_cdr:xrscdr2014158_dat::1.0
P,urn:nasa:pds:mess_xrs_calibrated:data_cdr:xrscdr2014159_dat::1.0
P,urn:nasa:pds:mess_xrs_calibrated:data_cdr:xrscdr2014160_dat::1.0
P,urn:nasa:pds:mess_xrs_calibrated:data_cdr:xrscdr2014161_dat::1.0
P,urn:nasa:pds:mess_xrs_calibrated:data_cdr:xrscdr2014162_dat::1.0
P,urn:nasa:pds:mess_xrs_calibrated:data_cdr:xrscdr2014163_dat::1.0
P,urn:nasa:pds:mess_xrs_calibrated:data_cdr:xrscdr2014164_dat::1.0
P,urn:nasa:pds:mess_xrs_calibrated:data_cdr:xrscdr2014165_dat::1.0
P,urn:nasa:pds:mess_xrs_calibrated:data_cdr:xrscdr2014166_dat::1.0
P,urn:nasa:pds:mess_xrs_calibrated:data_cdr:xrscdr2014167_dat::1.0
P,urn:nasa:pds:mess_xrs_calibrated:data_cdr:xrscdr2014168_dat::1.0
P,urn:nasa:pds:mess_xrs_calibrated:data_cdr:xrscdr2014169_dat::1.0
P,urn:nasa:pds:mess_xrs_calibrated:data_cdr:xrscdr2014170_dat::1.0
P,urn:nasa:pds:mess_xrs_calibrated:data_cdr:xrscdr2014171_dat::1.0
P,urn:nasa:pds:mess_xrs_calibrated:data_cdr:xrscdr2014172_dat::1.0
P,urn:nasa:pds:mess_xrs_calibrated:data_cdr:xrscdr2014173_dat::1.0
P,urn:nasa:pds:mess_xrs_calibrated:data_cdr:xrscdr2014174_dat::1.0
P,urn:nasa:pds:mess_xrs_calibrated:data_cdr:xrscdr2014175_dat::1.0
P,urn:nasa:pds:mess_xrs_calibrated:data_cdr:xrscdr2014176_dat::1.0
P,urn:nasa:pds:mess_xrs_calibrated:data_cdr:xrscdr2014177_dat::1.0
P,urn:nasa:pds:mess_xrs_calibrated:data_cdr:xrscdr2014178_dat::1.0
P,urn:nasa:pds:mess_xrs_calibrated:data_cdr:xrscdr2014179_dat::1.0
P,urn:nasa:pds:mess_xrs_calibrated:data_cdr:xrscdr2014180_dat::1.0
P,urn:nasa:pds:mess_xrs_calibrated:data_cdr:xrscdr2014181_dat::1.0
P,urn:nasa:pds:mess_xrs_calibrated:data_cdr:xrscdr2014182_dat::1.0
P,urn:nasa:pds:mess_xrs_calibrated:data_cdr:xrscdr2014183_dat::1.0
P,urn:nasa:pds:mess_xrs_calibrated:data_cdr:xrscdr2014184_dat::1.0
P,urn:nasa:pds:mess_xrs_calibrated:data_cdr:xrscdr2014185_dat::1.0
P,urn:nasa:pds:mess_xrs_calibrated:data_cdr:xrscdr2014186_dat::1.0
P,urn:nasa:pds:mess_xrs_calibrated:data_cdr:xrscdr2014187_dat::1.0
P,urn:nasa:pds:mess_xrs_calibrated:data_cdr:xrscdr2014188_dat::1.0
P,urn:nasa:pds:mess_xrs_calibrated:data_cdr:xrscdr2014189_dat::1.0
P,urn:nasa:pds:mess_xrs_calibrated:data_cdr:xrscdr2014190_dat::1.0
P,urn:nasa:pds:mess_xrs_calibrated:data_cdr:xrscdr2014191_dat::1.0
P,urn:nasa:pds:mess_xrs_calibrated:data_cdr:xrscdr2014192_dat::1.0
P,urn:nasa:pds:mess_xrs_calibrated:data_cdr:xrscdr2014193_dat::1.0
P,urn:nasa:pds:mess_xrs_calibrated:data_cdr:xrscdr2014194_dat::1.0
P,urn:nasa:pds:mess_xrs_calibrated:data_cdr:xrscdr2014195_dat::1.0
P,urn:nasa:pds:mess_xrs_calibrated:data_cdr:xrscdr2014196_dat::1.0
P,urn:nasa:pds:mess_xrs_calibrated:data_cdr:xrscdr2014197_dat::1.0
P,urn:nasa:pds:mess_xrs_calibrated:data_cdr:xrscdr2014198_dat::1.0
P,urn:nasa:pds:mess_xrs_calibrated:data_cdr:xrscdr2014199_dat::1.0
P,urn:nasa:pds:mess_xrs_calibrated:data_cdr:xrscdr2014200_dat::1.0
P,urn:nasa:pds:mess_xrs_calibrated:data_cdr:xrscdr2014201_dat::1.0
P,urn:nasa:pds:mess_xrs_calibrated:data_cdr:xrscdr2014202_dat::1.0
P,urn:nasa:pds:mess_xrs_calibrated:data_cdr:xrscdr2014203_dat::1.0
P,urn:nasa:pds:mess_xrs_calibrated:data_cdr:xrscdr2014204_dat::1.0
P,urn:nasa:pds:mess_xrs_calibrated:data_cdr:xrscdr2014205_dat::1.0
P,urn:nasa:pds:mess_xrs_calibrated:data_cdr:xrscdr2014206_dat::1.0
P,urn:nasa:pds:mess_xrs_calibrated:data_cdr:xrscdr2014207_dat::1.0
P,urn:nasa:pds:mess_xrs_calibrated:data_cdr:xrscdr2014208_dat::1.0
P,urn:nasa:pds:mess_xrs_calibrated:data_cdr:xrscdr2014209_dat::1.0
P,urn:nasa:pds:mess_xrs_calibrated:data_cdr:xrscdr2014210_dat::1.0
P,urn:nasa:pds:mess_xrs_calibrated:data_cdr:xrscdr2014211_dat::1.0
P,urn:nasa:pds:mess_xrs_calibrated:data_cdr:xrscdr2014212_dat::1.0
P,urn:nasa:pds:mess_xrs_calibrated:data_cdr:xrscdr2014213_dat::1.0
P,urn:nasa:pds:mess_xrs_calibrated:data_cdr:xrscdr2014214_dat::1.0
P,urn:nasa:pds:mess_xrs_calibrated:data_cdr:xrscdr2014215_dat::1.0
P,urn:nasa:pds:mess_xrs_calibrated:data_cdr:xrscdr2014216_dat::1.0
P,urn:nasa:pds:mess_xrs_calibrated:data_cdr:xrscdr2014217_dat::1.0
P,urn:nasa:pds:mess_xrs_calibrated:data_cdr:xrscdr2014218_dat::1.0
P,urn:nasa:pds:mess_xrs_calibrated:data_cdr:xrscdr2014219_dat::1.0
P,urn:nasa:pds:mess_xrs_calibrated:data_cdr:xrscdr2014220_dat::1.0
P,urn:nasa:pds:mess_xrs_calibrated:data_cdr:xrscdr2014221_dat::1.0
P,urn:nasa:pds:mess_xrs_calibrated:data_cdr:xrscdr2014222_dat::1.0
P,urn:nasa:pds:mess_xrs_calibrated:data_cdr:xrscdr2014223_dat::1.0
P,urn:nasa:pds:mess_xrs_calibrated:data_cdr:xrscdr2014224_dat::1.0
P,urn:nasa:pds:mess_xrs_calibrated:data_cdr:xrscdr2014225_dat::1.0
P,urn:nasa:pds:mess_xrs_calibrated:data_cdr:xrscdr2014226_dat::1.0
P,urn:nasa:pds:mess_xrs_calibrated:data_cdr:xrscdr2014227_dat::1.0
P,urn:nasa:pds:mess_xrs_calibrated:data_cdr:xrscdr2014228_dat::1.0
P,urn:nasa:pds:mess_xrs_calibrated:data_cdr:xrscdr2014229_dat::1.0
P,urn:nasa:pds:mess_xrs_calibrated:data_cdr:xrscdr2014230_dat::1.0
P,urn:nasa:pds:mess_xrs_calibrated:data_cdr:xrscdr2014231_dat::1.0
P,urn:nasa:pds:mess_xrs_calibrated:data_cdr:xrscdr2014232_dat::1.0
P,urn:nasa:pds:mess_xrs_calibrated:data_cdr:xrscdr2014233_dat::1.0
P,urn:nasa:pds:mess_xrs_calibrated:data_cdr:xrscdr2014234_dat::1.0
P,urn:nasa:pds:mess_xrs_calibrated:data_cdr:xrscdr2014235_dat::1.0
P,urn:nasa:pds:mess_xrs_calibrated:data_cdr:xrscdr2014236_dat::1.0
P,urn:nasa:pds:mess_xrs_calibrated:data_cdr:xrscdr2014237_dat::1.0
P,urn:nasa:pds:mess_xrs_calibrated:data_cdr:xrscdr2014238_dat::1.0
P,urn:nasa:pds:mess_xrs_calibrated:data_cdr:xrscdr2014239_dat::1.0
P,urn:nasa:pds:mess_xrs_calibrated:data_cdr:xrscdr2014240_dat::1.0
P,urn:nasa:pds:mess_xrs_calibrated:data_cdr:xrscdr2014241_dat::1.0
P,urn:nasa:pds:mess_xrs_calibrated:data_cdr:xrscdr2014242_dat::1.0
P,urn:nasa:pds:mess_xrs_calibrated:data_cdr:xrscdr2014243_dat::1.0
P,urn:nasa:pds:mess_xrs_calibrated:data_cdr:xrscdr2014244_dat::1.0
P,urn:nasa:pds:mess_xrs_calibrated:data_cdr:xrscdr2014245_dat::1.0
P,urn:nasa:pds:mess_xrs_calibrated:data_cdr:xrscdr2014246_dat::1.0
P,urn:nasa:pds:mess_xrs_calibrated:data_cdr:xrscdr2014247_dat::1.0
P,urn:nasa:pds:mess_xrs_calibrated:data_cdr:xrscdr2014248_dat::1.0
P,urn:nasa:pds:mess_xrs_calibrated:data_cdr:xrscdr2014249_dat::1.0
P,urn:nasa:pds:mess_xrs_calibrated:data_cdr:xrscdr2014250_dat::1.0
P,urn:nasa:pds:mess_xrs_calibrated:data_cdr:xrscdr2014251_dat::1.0
P,urn:nasa:pds:mess_xrs_calibrated:data_cdr:xrscdr2014252_dat::1.0
P,urn:nasa:pds:mess_xrs_calibrated:data_cdr:xrscdr2014253_dat::1.0
P,urn:nasa:pds:mess_xrs_calibrated:data_cdr:xrscdr2014254_dat::1.0
P,urn:nasa:pds:mess_xrs_calibrated:data_cdr:xrscdr2014255_dat::1.0
P,urn:nasa:pds:mess_xrs_calibrated:data_cdr:xrscdr2014256_dat::1.0
P,urn:nasa:pds:mess_xrs_calibrated:data_cdr:xrscdr2014257_dat::1.0
P,urn:nasa:pds:mess_xrs_calibrated:data_cdr:xrscdr2014258_dat::1.0
P,urn:nasa:pds:mess_xrs_calibrated:data_cdr:xrscdr2014259_dat::1.0
P,urn:nasa:pds:mess_xrs_calibrated:data_cdr:xrscdr2014260_dat::1.0
P,urn:nasa:pds:mess_xrs_calibrated:data_cdr:xrscdr2014261_dat::1.0
P,urn:nasa:pds:mess_xrs_calibrated:data_cdr:xrscdr2014262_dat::1.0
P,urn:nasa:pds:mess_xrs_calibrated:data_cdr:xrscdr2014263_dat::1.0
P,urn:nasa:pds:mess_xrs_calibrated:data_cdr:xrscdr2014264_dat::1.0
P,urn:nasa:pds:mess_xrs_calibrated:data_cdr:xrscdr2014265_dat::1.0
P,urn:nasa:pds:mess_xrs_calibrated:data_cdr:xrscdr2014266_dat::1.0
P,urn:nasa:pds:mess_xrs_calibrated:data_cdr:xrscdr2014267_dat::1.0
P,urn:nasa:pds:mess_xrs_calibrated:data_cdr:xrscdr2014268_dat::1.0
P,urn:nasa:pds:mess_xrs_calibrated:data_cdr:xrscdr2014269_dat::1.0
P,urn:nasa:pds:mess_xrs_calibrated:data_cdr:xrscdr2014270_dat::1.0
P,urn:nasa:pds:mess_xrs_calibrated:data_cdr:xrscdr2014271_dat::1.0
P,urn:nasa:pds:mess_xrs_calibrated:data_cdr:xrscdr2014272_dat::1.0
P,urn:nasa:pds:mess_xrs_calibrated:data_cdr:xrscdr2014273_dat::1.0
P,urn:nasa:pds:mess_xrs_calibrated:data_cdr:xrscdr2014274_dat::1.0
P,urn:nasa:pds:mess_xrs_calibrated:data_cdr:xrscdr2014275_dat::1.0
P,urn:nasa:pds:mess_xrs_calibrated:data_cdr:xrscdr2014276_dat::1.0
P,urn:nasa:pds:mess_xrs_calibrated:data_cdr:xrscdr2014277_dat::1.0
P,urn:nasa:pds:mess_xrs_calibrated:data_cdr:xrscdr2014278_dat::1.0
P,urn:nasa:pds:mess_xrs_calibrated:data_cdr:xrscdr2014279_dat::1.0
P,urn:nasa:pds:mess_xrs_calibrated:data_cdr:xrscdr2014280_dat::1.0
P,urn:nasa:pds:mess_xrs_calibrated:data_cdr:xrscdr2014281_dat::1.0
P,urn:nasa:pds:mess_xrs_calibrated:data_cdr:xrscdr2014282_dat::1.0
P,urn:nasa:pds:mess_xrs_calibrated:data_cdr:xrscdr2014283_dat::1.0
P,urn:nasa:pds:mess_xrs_calibrated:data_cdr:xrscdr2014284_dat::1.0
P,urn:nasa:pds:mess_xrs_calibrated:data_cdr:xrscdr2014285_dat::1.0
P,urn:nasa:pds:mess_xrs_calibrated:data_cdr:xrscdr2014286_dat::1.0
P,urn:nasa:pds:mess_xrs_calibrated:data_cdr:xrscdr2014287_dat::1.0
P,urn:nasa:pds:mess_xrs_calibrated:data_cdr:xrscdr2014288_dat::1.0
P,urn:nasa:pds:mess_xrs_calibrated:data_cdr:xrscdr2014289_dat::1.0
P,urn:nasa:pds:mess_xrs_calibrated:data_cdr:xrscdr2014290_dat::1.0
P,urn:nasa:pds:mess_xrs_calibrated:data_cdr:xrscdr2014291_dat::1.0
P,urn:nasa:pds:mess_xrs_calibrated:data_cdr:xrscdr2014292_dat::1.0
P,urn:nasa:pds:mess_xrs_calibrated:data_cdr:xrscdr2014293_dat::1.0
P,urn:nasa:pds:mess_xrs_calibrated:data_cdr:xrscdr2014294_dat::1.0
P,urn:nasa:pds:mess_xrs_calibrated:data_cdr:xrscdr2014295_dat::1.0
P,urn:nasa:pds:mess_xrs_calibrated:data_cdr:xrscdr2014296_dat::1.0
P,urn:nasa:pds:mess_xrs_calibrated:data_cdr:xrscdr2014297_dat::1.0
P,urn:nasa:pds:mess_xrs_calibrated:data_cdr:xrscdr2014298_dat::1.0
P,urn:nasa:pds:mess_xrs_calibrated:data_cdr:xrscdr2014299_dat::1.0
P,urn:nasa:pds:mess_xrs_calibrated:data_cdr:xrscdr2014300_dat::1.0
P,urn:nasa:pds:mess_xrs_calibrated:data_cdr:xrscdr2014301_dat::1.0
P,urn:nasa:pds:mess_xrs_calibrated:data_cdr:xrscdr2014302_dat::1.0
P,urn:nasa:pds:mess_xrs_calibrated:data_cdr:xrscdr2014303_dat::1.0
P,urn:nasa:pds:mess_xrs_calibrated:data_cdr:xrscdr2014304_dat::1.0
P,urn:nasa:pds:mess_xrs_calibrated:data_cdr:xrscdr2014305_dat::1.0
P,urn:nasa:pds:mess_xrs_calibrated:data_cdr:xrscdr2014306_dat::1.0
P,urn:nasa:pds:mess_xrs_calibrated:data_cdr:xrscdr2014307_dat::1.0
P,urn:nasa:pds:mess_xrs_calibrated:data_cdr:xrscdr2014308_dat::1.0
P,urn:nasa:pds:mess_xrs_calibrated:data_cdr:xrscdr2014309_dat::1.0
P,urn:nasa:pds:mess_xrs_calibrated:data_cdr:xrscdr2014310_dat::1.0
P,urn:nasa:pds:mess_xrs_calibrated:data_cdr:xrscdr2014311_dat::1.0
P,urn:nasa:pds:mess_xrs_calibrated:data_cdr:xrscdr2014312_dat::1.0
P,urn:nasa:pds:mess_xrs_calibrated:data_cdr:xrscdr2014313_dat::1.0
P,urn:nasa:pds:mess_xrs_calibrated:data_cdr:xrscdr2014314_dat::1.0
P,urn:nasa:pds:mess_xrs_calibrated:data_cdr:xrscdr2014315_dat::1.0
P,urn:nasa:pds:mess_xrs_calibrated:data_cdr:xrscdr2014316_dat::1.0
P,urn:nasa:pds:mess_xrs_calibrated:data_cdr:xrscdr2014317_dat::1.0
P,urn:nasa:pds:mess_xrs_calibrated:data_cdr:xrscdr2014318_dat::1.0
P,urn:nasa:pds:mess_xrs_calibrated:data_cdr:xrscdr2014319_dat::1.0
P,urn:nasa:pds:mess_xrs_calibrated:data_cdr:xrscdr2014320_dat::1.0
P,urn:nasa:pds:mess_xrs_calibrated:data_cdr:xrscdr2014321_dat::1.0
P,urn:nasa:pds:mess_xrs_calibrated:data_cdr:xrscdr2014322_dat::1.0
P,urn:nasa:pds:mess_xrs_calibrated:data_cdr:xrscdr2014323_dat::1.0
P,urn:nasa:pds:mess_xrs_calibrated:data_cdr:xrscdr2014324_dat::1.0
P,urn:nasa:pds:mess_xrs_calibrated:data_cdr:xrscdr2014325_dat::1.0
P,urn:nasa:pds:mess_xrs_calibrated:data_cdr:xrscdr2014326_dat::1.0
P,urn:nasa:pds:mess_xrs_calibrated:data_cdr:xrscdr2014327_dat::1.0
P,urn:nasa:pds:mess_xrs_calibrated:data_cdr:xrscdr2014328_dat::1.0
P,urn:nasa:pds:mess_xrs_calibrated:data_cdr:xrscdr2014329_dat::1.0
P,urn:nasa:pds:mess_xrs_calibrated:data_cdr:xrscdr2014330_dat::1.0
P,urn:nasa:pds:mess_xrs_calibrated:data_cdr:xrscdr2014331_dat::1.0
P,urn:nasa:pds:mess_xrs_calibrated:data_cdr:xrscdr2014332_dat::1.0
P,urn:nasa:pds:mess_xrs_calibrated:data_cdr:xrscdr2014333_dat::1.0
P,urn:nasa:pds:mess_xrs_calibrated:data_cdr:xrscdr2014334_dat::1.0
P,urn:nasa:pds:mess_xrs_calibrated:data_cdr:xrscdr2014335_dat::1.0
P,urn:nasa:pds:mess_xrs_calibrated:data_cdr:xrscdr2014336_dat::1.0
P,urn:nasa:pds:mess_xrs_calibrated:data_cdr:xrscdr2014337_dat::1.0
P,urn:nasa:pds:mess_xrs_calibrated:data_cdr:xrscdr2014338_dat::1.0
P,urn:nasa:pds:mess_xrs_calibrated:data_cdr:xrscdr2014339_dat::1.0
P,urn:nasa:pds:mess_xrs_calibrated:data_cdr:xrscdr2014340_dat::1.0
P,urn:nasa:pds:mess_xrs_calibrated:data_cdr:xrscdr2014341_dat::1.0
P,urn:nasa:pds:mess_xrs_calibrated:data_cdr:xrscdr2014342_dat::1.0
P,urn:nasa:pds:mess_xrs_calibrated:data_cdr:xrscdr2014343_dat::1.0
P,urn:nasa:pds:mess_xrs_calibrated:data_cdr:xrscdr2014344_dat::1.0
P,urn:nasa:pds:mess_xrs_calibrated:data_cdr:xrscdr2014345_dat::1.0
P,urn:nasa:pds:mess_xrs_calibrated:data_cdr:xrscdr2014346_dat::1.0
P,urn:nasa:pds:mess_xrs_calibrated:data_cdr:xrscdr2014347_dat::1.0
P,urn:nasa:pds:mess_xrs_calibrated:data_cdr:xrscdr2014348_dat::1.0
P,urn:nasa:pds:mess_xrs_calibrated:data_cdr:xrscdr2014349_dat::1.0
P,urn:nasa:pds:mess_xrs_calibrated:data_cdr:xrscdr2014350_dat::1.0
P,urn:nasa:pds:mess_xrs_calibrated:data_cdr:xrscdr2014351_dat::1.0
P,urn:nasa:pds:mess_xrs_calibrated:data_cdr:xrscdr2014352_dat::1.0
P,urn:nasa:pds:mess_xrs_calibrated:data_cdr:xrscdr2014353_dat::1.0
P,urn:nasa:pds:mess_xrs_calibrated:data_cdr:xrscdr2014354_dat::1.0
P,urn:nasa:pds:mess_xrs_calibrated:data_cdr:xrscdr2014355_dat::1.0
P,urn:nasa:pds:mess_xrs_calibrated:data_cdr:xrscdr2014356_dat::1.0
P,urn:nasa:pds:mess_xrs_calibrated:data_cdr:xrscdr2014357_dat::1.0
P,urn:nasa:pds:mess_xrs_calibrated:data_cdr:xrscdr2014358_dat::1.0
P,urn:nasa:pds:mess_xrs_calibrated:data_cdr:xrscdr2014359_dat::1.0
P,urn:nasa:pds:mess_xrs_calibrated:data_cdr:xrscdr2014360_dat::1.0
P,urn:nasa:pds:mess_xrs_calibrated:data_cdr:xrscdr2014361_dat::1.0
P,urn:nasa:pds:mess_xrs_calibrated:data_cdr:xrscdr2014362_dat::1.0
P,urn:nasa:pds:mess_xrs_calibrated:data_cdr:xrscdr2014363_dat::1.0
P,urn:nasa:pds:mess_xrs_calibrated:data_cdr:xrscdr2014364_dat::1.0
P,urn:nasa:pds:mess_xrs_calibrated:data_cdr:xrscdr2014365_dat::1.0
P,urn:nasa:pds:mess_xrs_calibrated:data_cdr:xrscdr2015001_dat::1.0
P,urn:nasa:pds:mess_xrs_calibrated:data_cdr:xrscdr2015002_dat::1.0
P,urn:nasa:pds:mess_xrs_calibrated:data_cdr:xrscdr2015003_dat::1.0
P,urn:nasa:pds:mess_xrs_calibrated:data_cdr:xrscdr2015004_dat::1.0
P,urn:nasa:pds:mess_xrs_calibrated:data_cdr:xrscdr2015005_dat::1.0
P,urn:nasa:pds:mess_xrs_calibrated:data_cdr:xrscdr2015006_dat::1.0
P,urn:nasa:pds:mess_xrs_calibrated:data_cdr:xrscdr2015007_dat::1.0
P,urn:nasa:pds:mess_xrs_calibrated:data_cdr:xrscdr2015008_dat::1.0
P,urn:nasa:pds:mess_xrs_calibrated:data_cdr:xrscdr2015009_dat::1.0
P,urn:nasa:pds:mess_xrs_calibrated:data_cdr:xrscdr2015010_dat::1.0
P,urn:nasa:pds:mess_xrs_calibrated:data_cdr:xrscdr2015011_dat::1.0
P,urn:nasa:pds:mess_xrs_calibrated:data_cdr:xrscdr2015012_dat::1.0
P,urn:nasa:pds:mess_xrs_calibrated:data_cdr:xrscdr2015013_dat::1.0
P,urn:nasa:pds:mess_xrs_calibrated:data_cdr:xrscdr2015014_dat::1.0
P,urn:nasa:pds:mess_xrs_calibrated:data_cdr:xrscdr2015015_dat::1.0
P,urn:nasa:pds:mess_xrs_calibrated:data_cdr:xrscdr2015016_dat::1.0
P,urn:nasa:pds:mess_xrs_calibrated:data_cdr:xrscdr2015017_dat::1.0
P,urn:nasa:pds:mess_xrs_calibrated:data_cdr:xrscdr2015018_dat::1.0
P,urn:nasa:pds:mess_xrs_calibrated:data_cdr:xrscdr2015019_dat::1.0
P,urn:nasa:pds:mess_xrs_calibrated:data_cdr:xrscdr2015020_dat::1.0
P,urn:nasa:pds:mess_xrs_calibrated:data_cdr:xrscdr2015021_dat::1.0
P,urn:nasa:pds:mess_xrs_calibrated:data_cdr:xrscdr2015022_dat::1.0
P,urn:nasa:pds:mess_xrs_calibrated:data_cdr:xrscdr2015023_dat::1.0
P,urn:nasa:pds:mess_xrs_calibrated:data_cdr:xrscdr2015024_dat::1.0
P,urn:nasa:pds:mess_xrs_calibrated:data_cdr:xrscdr2015025_dat::1.0
P,urn:nasa:pds:mess_xrs_calibrated:data_cdr:xrscdr2015026_dat::1.0
P,urn:nasa:pds:mess_xrs_calibrated:data_cdr:xrscdr2015027_dat::1.0
P,urn:nasa:pds:mess_xrs_calibrated:data_cdr:xrscdr2015028_dat::1.0
P,urn:nasa:pds:mess_xrs_calibrated:data_cdr:xrscdr2015029_dat::1.0
P,urn:nasa:pds:mess_xrs_calibrated:data_cdr:xrscdr2015030_dat::1.0
P,urn:nasa:pds:mess_xrs_calibrated:data_cdr:xrscdr2015031_dat::1.0
P,urn:nasa:pds:mess_xrs_calibrated:data_cdr:xrscdr2015032_dat::1.0
P,urn:nasa:pds:mess_xrs_calibrated:data_cdr:xrscdr2015033_dat::1.0
P,urn:nasa:pds:mess_xrs_calibrated:data_cdr:xrscdr2015034_dat::1.0
P,urn:nasa:pds:mess_xrs_calibrated:data_cdr:xrscdr2015035_dat::1.0
P,urn:nasa:pds:mess_xrs_calibrated:data_cdr:xrscdr2015036_dat::1.0
P,urn:nasa:pds:mess_xrs_calibrated:data_cdr:xrscdr2015037_dat::1.0
P,urn:nasa:pds:mess_xrs_calibrated:data_cdr:xrscdr2015038_dat::1.0
P,urn:nasa:pds:mess_xrs_calibrated:data_cdr:xrscdr2015039_dat::1.0
P,urn:nasa:pds:mess_xrs_calibrated:data_cdr:xrscdr2015040_dat::1.0
P,urn:nasa:pds:mess_xrs_calibrated:data_cdr:xrscdr2015041_dat::1.0
P,urn:nasa:pds:mess_xrs_calibrated:data_cdr:xrscdr2015042_dat::1.0
P,urn:nasa:pds:mess_xrs_calibrated:data_cdr:xrscdr2015043_dat::1.0
P,urn:nasa:pds:mess_xrs_calibrated:data_cdr:xrscdr2015044_dat::1.0
P,urn:nasa:pds:mess_xrs_calibrated:data_cdr:xrscdr2015045_dat::1.0
P,urn:nasa:pds:mess_xrs_calibrated:data_cdr:xrscdr2015046_dat::1.0
P,urn:nasa:pds:mess_xrs_calibrated:data_cdr:xrscdr2015047_dat::1.0
P,urn:nasa:pds:mess_xrs_calibrated:data_cdr:xrscdr2015048_dat::1.0
P,urn:nasa:pds:mess_xrs_calibrated:data_cdr:xrscdr2015049_dat::1.0
P,urn:nasa:pds:mess_xrs_calibrated:data_cdr:xrscdr2015050_dat::1.0
P,urn:nasa:pds:mess_xrs_calibrated:data_cdr:xrscdr2015051_dat::1.0
P,urn:nasa:pds:mess_xrs_calibrated:data_cdr:xrscdr2015052_dat::1.0
P,urn:nasa:pds:mess_xrs_calibrated:data_cdr:xrscdr2015053_dat::1.0
P,urn:nasa:pds:mess_xrs_calibrated:data_cdr:xrscdr2015054_dat::1.0
P,urn:nasa:pds:mess_xrs_calibrated:data_cdr:xrscdr2015055_dat::1.0
P,urn:nasa:pds:mess_xrs_calibrated:data_cdr:xrscdr2015056_dat::1.0
P,urn:nasa:pds:mess_xrs_calibrated:data_cdr:xrscdr2015057_dat::1.0
P,urn:nasa:pds:mess_xrs_calibrated:data_cdr:xrscdr2015058_dat::1.0
P,urn:nasa:pds:mess_xrs_calibrated:data_cdr:xrscdr2015059_dat::1.0
P,urn:nasa:pds:mess_xrs_calibrated:data_cdr:xrscdr2015060_dat::1.0
P,urn:nasa:pds:mess_xrs_calibrated:data_cdr:xrscdr2015061_dat::1.0
P,urn:nasa:pds:mess_xrs_calibrated:data_cdr:xrscdr2015062_dat::1.0
P,urn:nasa:pds:mess_xrs_calibrated:data_cdr:xrscdr2015063_dat::1.0
P,urn:nasa:pds:mess_xrs_calibrated:data_cdr:xrscdr2015064_dat::1.0
P,urn:nasa:pds:mess_xrs_calibrated:data_cdr:xrscdr2015065_dat::1.0
P,urn:nasa:pds:mess_xrs_calibrated:data_cdr:xrscdr2015066_dat::1.0
P,urn:nasa:pds:mess_xrs_calibrated:data_cdr:xrscdr2015067_dat::1.0
P,urn:nasa:pds:mess_xrs_calibrated:data_cdr:xrscdr2015068_dat::1.0
P,urn:nasa:pds:mess_xrs_calibrated:data_cdr:xrscdr2015069_dat::1.0
P,urn:nasa:pds:mess_xrs_calibrated:data_cdr:xrscdr2015070_dat::1.0
P,urn:nasa:pds:mess_xrs_calibrated:data_cdr:xrscdr2015071_dat::1.0
P,urn:nasa:pds:mess_xrs_calibrated:data_cdr:xrscdr2015072_dat::1.0
P,urn:nasa:pds:mess_xrs_calibrated:data_cdr:xrscdr2015073_dat::1.0
P,urn:nasa:pds:mess_xrs_calibrated:data_cdr:xrscdr2015074_dat::1.0
P,urn:nasa:pds:mess_xrs_calibrated:data_cdr:xrscdr2015075_dat::1.0
P,urn:nasa:pds:mess_xrs_calibrated:data_cdr:xrscdr2015076_dat::1.0
P,urn:nasa:pds:mess_xrs_calibrated:data_cdr:xrscdr2015077_dat::1.0
P,urn:nasa:pds:mess_xrs_calibrated:data_cdr:xrscdr2015078_dat::1.0
P,urn:nasa:pds:mess_xrs_calibrated:data_cdr:xrscdr2015079_dat::1.0
P,urn:nasa:pds:mess_xrs_calibrated:data_cdr:xrscdr2015080_dat::1.0
P,urn:nasa:pds:mess_xrs_calibrated:data_cdr:xrscdr2015081_dat::1.0
P,urn:nasa:pds:mess_xrs_calibrated:data_cdr:xrscdr2015082_dat::1.0
P,urn:nasa:pds:mess_xrs_calibrated:data_cdr:xrscdr2015083_dat::1.0
P,urn:nasa:pds:mess_xrs_calibrated:data_cdr:xrscdr2015084_dat::1.0
P,urn:nasa:pds:mess_xrs_calibrated:data_cdr:xrscdr2015085_dat::1.0
P,urn:nasa:pds:mess_xrs_calibrated:data_cdr:xrscdr2015086_dat::1.0
P,urn:nasa:pds:mess_xrs_calibrated:data_cdr:xrscdr2015087_dat::1.0
P,urn:nasa:pds:mess_xrs_calibrated:data_cdr:xrscdr2015088_dat::1.0
P,urn:nasa:pds:mess_xrs_calibrated:data_cdr:xrscdr2015089_dat::1.0
P,urn:nasa:pds:mess_xrs_calibrated:data_cdr:xrscdr2015090_dat::1.0
P,urn:nasa:pds:mess_xrs_calibrated:data_cdr:xrscdr2015091_dat::1.0
P,urn:nasa:pds:mess_xrs_calibrated:data_cdr:xrscdr2015092_dat::1.0
P,urn:nasa:pds:mess_xrs_calibrated:data_cdr:xrscdr2015093_dat::1.0
P,urn:nasa:pds:mess_xrs_calibrated:data_cdr:xrscdr2015094_dat::1.0
P,urn:nasa:pds:mess_xrs_calibrated:data_cdr:xrscdr2015095_dat::1.0
P,urn:nasa:pds:mess_xrs_calibrated:data_cdr:xrscdr2015096_dat::1.0
P,urn:nasa:pds:mess_xrs_calibrated:data_cdr:xrscdr2015097_dat::1.0
P,urn:nasa:pds:mess_xrs_calibrated:data_cdr:xrscdr2015098_dat::1.0
P,urn:nasa:pds:mess_xrs_calibrated:data_cdr:xrscdr2015099_dat::1.0
P,urn:nasa:pds:mess_xrs_calibrated:data_cdr:xrscdr2015100_dat::1.0
P,urn:nasa:pds:mess_xrs_calibrated:data_cdr:xrscdr2015101_dat::1.0
P,urn:nasa:pds:mess_xrs_calibrated:data_cdr:xrscdr2015102_dat::1.0
P,urn:nasa:pds:mess_xrs_calibrated:data_cdr:xrscdr2015103_dat::1.0
P,urn:nasa:pds:mess_xrs_calibrated:data_cdr:xrscdr2015104_dat::1.0
P,urn:nasa:pds:mess_xrs_calibrated:data_cdr:xrscdr2015105_dat::1.0
P,urn:nasa:pds:mess_xrs_calibrated:data_cdr:xrscdr2015106_dat::1.0
P,urn:nasa:pds:mess_xrs_calibrated:data_cdr:xrscdr2015107_dat::1.0
P,urn:nasa:pds:mess_xrs_calibrated:data_cdr:xrscdr2015108_dat::1.0
P,urn:nasa:pds:mess_xrs_calibrated:data_cdr:xrscdr2015109_dat::1.0
P,urn:nasa:pds:mess_xrs_calibrated:data_cdr:xrscdr2015110_dat::1.0
P,urn:nasa:pds:mess_xrs_calibrated:data_cdr:xrscdr2015111_dat::1.0
P,urn:nasa:pds:mess_xrs_calibrated:data_cdr:xrscdr2015112_dat::1.0
P,urn:nasa:pds:mess_xrs_calibrated:data_cdr:xrscdr2015113_dat::1.0
P,urn:nasa:pds:mess_xrs_calibrated:data_cdr:xrscdr2015114_dat::1.0
P,urn:nasa:pds:mess_xrs_calibrated:data_cdr:xrscdr2015115_dat::1.0
P,urn:nasa:pds:mess_xrs_calibrated:data_cdr:xrscdr2015116_dat::1.0
P,urn:nasa:pds:mess_xrs_calibrated:data_cdr:xrscdr2015117_dat::1.0
P,urn:nasa:pds:mess_xrs_calibrated:data_cdr:xrscdr2015118_dat::1.0
P,urn:nasa:pds:mess_xrs_calibrated:data_cdr:xrscdr2015119_dat::1.0
P,urn:nasa:pds:mess_xrs_calibrated:data_cdr:xrscdr2015120_dat::1.0
